代號,名稱,成交,漲跌價,漲跌幅,成交張數,更新日期,5日均線,10日均線,月均線,季均線,半年均線,年均線,二年均線,三年均線,五年均線,十年均線
0061,元大寶滬深,22.82,0.07,0.31,152,12月24日,22.8↘,23.2↘,23↗,22.7↗,22.7↘,23.4↘,21.5↗,20.1↗,18.9↗,17↗
006205,富邦上証,37.09,0.09,0.24,756,12月24日,37↘,37.4↘,37.2↗,36.9↗,36.8↘,37.8↘,35.1↗,33.5↗,31.9↗,28↗
006206,元大上證50,36.14,0.31,0.87,333,12月24日,36↘,36.4↘,36.1↗,35.7↗,35.6↘,37.5↘,35.4↗,34.2↗,32.2↗,
006207,FH滬深,30,0.1,0.33,328,12月24日,29.9↘,30.3↘,30.1↗,29.8↗,29.7↘,30.6↘,28.1↗,26.3↗,24.6↗,
00625K,富邦上証+R,8.66,0,0,0,12月24日,8.72↘,8.76↘,8.63↗,8.57↗,8.57↘,8.8↘,8.22↗,7.75↗,7.26↗,
00632R,元大台灣50反1,5.21,0,0,"69,516",12月24日,5.25↘,5.27↘,5.3↘,5.44↘,5.49↘,5.83↘,7.61↘,9.01↘,10.8↘,
00633L,富邦上証正2,56.4,0.75,1.35,"6,739",12月24日,56↘,57.4↘,56.3↗,55.5↗,55.7↘,63.4↘,57↗,52.3↗,47.6↗,
00634R,富邦上証反1,3.89,-0.04,-1.02,300,12月24日,3.92↗,3.87↗,3.91↘,3.96↘,4.01↗,3.93↘,4.58↘,5.23↘,6.27↘,
00635U,期元大S&P黃金,24,0.01,0.04,534,12月24日,23.9↗,23.8↗,23.8↗,23.9↗,23.9↗,24.2↘,24.4↗,23↗,21.6↗,
00636,國泰中國A50,25.31,0.15,0.6,436,12月24日,25.2↘,25.5↘,25.3↗,25↗,24.9↘,26.4↘,24.5↗,23.2↗,21.5↗,
00636K,國泰中國A50+U,9.12,0.08,0.88,0,12月24日,9.06↗,9.17↘,9.1↗,8.99↗,8.94↘,9.45↘,8.54↗,7.92↗,,
00637L,元大滬深300正2,22.38,0.29,1.31,"52,740",12月24日,22.2↘,22.8↘,22.4↗,22.1↗,22.1↘,25.1↘,22.3↗,20.3↗,18.3↗,
00639,富邦深100,16.53,-0.05,-0.3,535,12月24日,16.5↘,16.8↘,16.8↘,16.5↗,16.5↘,16.8↗,14.9↗,13.2↗,12↗,
00641R,富邦日本反1,10.08,-0.03,-0.3,30,12月24日,10.2↘,10.1↘,10.2↗,10.1↗,10.3↘,10.6↘,12.3↘,13.3↘,14.2↘,
00648R,元大S&P500反1,6.42,-0.01,-0.16,"2,131",12月24日,6.5↘,6.48↘,6.52↘,6.64↘,6.79↘,7.29↘,8.87↘,10.1↘,11.9↘,
00650L,FH香港正2,19.89,0.04,0.2,"2,263",12月24日,19.6↘,20.1↘,20.6↘,22.4↘,23.9↘,27.1↘,25.7↘,27↘,28.2↘,
00654R,富邦印度反1,8.5,0.09,1.07,158,12月24日,8.53↗,8.43↗,8.39↗,8.18↗,8.47↘,9.13↘,11.4↘,12.3↘,13.7↘,
00655L,國泰中國A50正2,42.6,0.65,1.55,"2,107",12月24日,42.2↘,43.2↘,42.4↗,41.8↗,41.9↘,47.7↘,42.4↗,38.5↗,34.9↗,
00657,國泰日經225,34.51,0.03,0.09,11,12月24日,34.2↗,34.4↘,34.2↘,34.8↘,34.7↘,35↗,31.5↗,29.9↗,28.2↗,
00657K,國泰日經225+U,12.47,0.05,0.4,0,12月24日,12.3↗,12.3↗,12.3↘,12.5↘,12.5↘,12.5↗,11↗,10.2↗,,
00664R,國泰臺灣加權反1,5.9,-0.01,-0.17,"5,124",12月24日,5.94↘,5.96↘,6↘,6.16↘,6.22↘,6.61↘,8.65↘,10.2↘,12.3↘,
00665L,富邦恒生國企正2,14.14,-0.02,-0.14,440,12月24日,14↘,14.4↘,14.8↘,16.2↘,17.5↘,21.7↘,22.2↘,23.7↘,25.8↘,
00669R,國泰美國道瓊反1,7.6,-0.01,-0.13,"1,040",12月24日,7.68↘,7.65↘,7.71↘,7.75↘,7.83↘,8.21↘,9.77↘,10.8↘,12.5↘,
00671R,富邦NASDAQ反1,4.9,-0.02,-0.41,"1,664",12月24日,4.99↘,4.97↘,4.96↗,5.09↘,5.22↘,5.68↘,7.3↘,9.19↘,,
00673R,期元大S&P原油反1,13.75,-0.03,-0.22,"1,249",12月24日,14.2↘,14.2↘,14.3↗,13.6↘,14.5↘,16.9↘,22.3↗,20↘,19.1↘,
00674R,期元大S&P黃金反1,12.99,-0.02,-0.15,98,12月24日,13.1↘,13.1↘,13.1↘,13.1↘,13.2↘,13.2↗,13.6↘,15.2↘,17.1↘,
00676R,富邦臺灣加權反1,3.23,0.01,0.31,"3,676",12月24日,3.25↘,3.26↘,3.28↘,3.37↘,3.39↘,3.61↘,4.7↘,5.55↘,6.67↘,
00678,群益NBI生技,27.03,-0.03,-0.11,324,12月24日,27.1↗,26.8↗,26.8↘,27.6↘,28.7↘,28.4↘,26.6↗,25↗,,
00681R,元大美債20反1,13,0.11,0.85,31,12月24日,12.9↗,12.9↗,12.9↘,13.2↘,13.2↘,13.6↗,13.4↘,14.6↘,,
00684R,期元大美元指反1,17.83,0,0,0,12月24日,17.8↗,17.8↘,17.8↘,18.1↘,18.4↘,18.8↘,18.6↘,18.8↘,,
00686R,群益臺灣加權反1,3.51,-0.01,-0.28,765,12月24日,3.53↘,3.55↘,3.57↘,3.67↘,3.7↘,3.93↘,5.12↘,6.05↘,,
00689R,國泰20年美債反1,13.65,0.09,0.66,2,12月24日,13.6↗,13.6↗,13.5↘,13.9↘,13.9↘,14.2↗,13.8↘,15.1↘,,
00693U,期街口S&P黃豆,20.89,-0.23,-1.09,453,12月24日,20.8↗,20.4↗,20.2↗,20↗,20.8↘,21.3↗,18.2↗,17.4↗,,
00694B,富邦美債1-3,36.9,0.09,0.24,101,12月24日,36.9↗,36.9↗,36.8↗,37↘,37.1↘,37.4↘,38.6↘,39.5↘,,
00695B,富邦美債7-10,36.95,0.15,0.41,171,12月24日,37→,36.9↗,36.8↗,36.7↗,37.1↘,37.3↘,39.1↘,39.3↘,,
00697B,元大美債7-10,38.8,-0.06,-0.15,306,12月24日,39↘,39.1↘,39↗,38.9↘,39.3↘,39.6↘,41.5↘,41.6↘,,
00700,富邦恒生國企,14.7,-0.01,-0.07,223,12月24日,14.7↘,14.9↘,15.1↘,15.7↘,16.3↘,18↘,18.5↘,19.1↘,,
00703,台新MSCI中國,19,0.13,0.69,5,12月24日,18.7↗,18.9↘,19.3↘,20.3↘,21.1↘,23.4↘,22.8↘,21.9↘,,
00706L,期元大S&P日圓正2,14.56,-0.03,-0.21,34,12月24日,14.6↘,14.7↘,14.7↗,14.8↘,15.3↘,16.1↘,16.8↘,17.2↘,,
00708L,期元大S&P黃金正2,26.08,0.02,0.08,785,12月24日,25.9↗,25.7↗,25.6↗,25.8↗,26↗,26.6↘,27.5↗,24.9↗,,
00710B,FH彭博高收益債,17.88,0.02,0.11,411,12月24日,17.9↘,18↘,18↘,18.1↘,18.2↘,18.3↘,18.6↘,19.3↘,,
00711B,FH彭博新興債,20.11,-0.09,-0.45,108,12月24日,20.3↘,20.3↘,20.2↗,20.1↘,20.3↘,20.4↘,21.2↘,21.2↗,,
00712,FH富時不動產,13.42,0.09,0.68,"3,886",12月24日,13.2↗,13.4↘,13.6↘,14.1↘,14.1↘,14↗,13.2↘,14.9↘,,
00717,富邦美國特別股,16.61,-0.02,-0.12,747,12月24日,16.6↗,16.6↗,16.5↗,16.7↘,16.9↘,16.8↘,17↘,17.9↘,,
00719B,元大美債1-3,29.67,-0.01,-0.03,101,12月24日,29.7↘,29.7↗,29.7↘,29.8↘,29.9↘,30.1↘,30.9↘,31.4↘,,
00723B,群益15年IG科技債,41.84,-0.33,-0.78,102,12月24日,42.1↘,42.3↘,42.4↗,42.2↘,42.6↘,42.4↘,44.3↘,43.5↗,,
00724B,群益10年IG金融債,41.83,-0.07,-0.17,122,12月24日,41.9↘,41.9↗,41.9↗,41.8↘,42.2↘,42↘,43.3↘,42.6↗,,
00725B,國泰投資級公司債,43.93,-0.22,-0.5,129,12月24日,44.1↘,44.2↘,44.1↗,44.1↘,44.4↘,43.9↘,44.3↘,43.9↗,,
00726B,國泰5Y+新興債,41.37,-0.26,-0.62,101,12月24日,41.5↘,41.5↗,41.3↗,41.4↘,41.9↘,42.1↘,43.1↘,43.4↗,,
00727B,國泰1-5Y高收債,37.73,-0.01,-0.03,122,12月24日,37.7↗,37.7↗,37.6↗,37.9↘,38.1↘,38.2↘,38.7↘,40.2↘,,
00730,富邦臺灣優質高息,19.69,0.01,0.05,231,12月24日,19.6↗,19.5↗,19.5↗,19.7↘,20.4↘,20.3↗,18.8↗,18.6↗,,
00734B,台新JPM新興債,19.28,-0.07,-0.36,"1,003",12月24日,19.4↘,19.4↘,19.3↗,19.3↘,19.6↘,19.7↘,20.5↘,21↘,,
00736,國泰新興市場,21.86,0.08,0.37,101,12月24日,21.6↗,21.8↘,21.8↘,22.3↘,22.5↘,23↘,21.2↗,20.6↗,,
00738U,期元大道瓊白銀,23.3,0.01,0.04,266,12月24日,23↗,22.8↗,22.9↘,23.8↗,24.5↘,26↘,24.1↗,22.3↗,,
00740B,富邦全球投等債,47.21,-0.31,-0.65,109,12月24日,47.4↘,47.5↘,47.5↗,47.5↘,47.9↘,47.3↘,48↘,47.2↗,,
00741B,富邦全球高收債,36.76,0,0,102,12月24日,36.7↗,36.7↗,36.6↗,36.9↘,37.1↘,37.4↘,37.8↘,39↘,,
00746B,富邦A級公司債,43.93,-0.06,-0.14,100,12月24日,44↗,44↗,44↗,44↘,44.4↘,44.2↘,45.9↘,45.2↗,,
00749B,凱基新興債10+,42.1,-0.15,-0.36,102,12月24日,42.3↘,42.3↗,42↗,41.8↘,42.4↘,42.8↘,44.7↘,44.6↗,,
00750B,凱基科技債10+,42.79,-0.31,-0.72,100,12月24日,43.1↘,43.2↘,43.3↗,43.1↘,43.6↘,43.5↘,45.5↘,44.8↗,,
00751B,元大AAA至A公司債,44.36,-0.09,-0.2,87,12月24日,44.4↘,44.6↘,44.8↗,44.6↘,45↘,44.6↘,46.6↘,45.9↗,,
00752,中信中國50,21.22,-0.04,-0.19,"1,346",12月24日,21.1↗,21.5↘,22↘,23.5↘,24.5↘,27.5↘,26.8↘,25.4↘,,
00753L,中信中國50正2,20.82,-0.12,-0.57,"1,310",12月24日,20.6↘,21.3↘,22.2↘,24.6↘,26.7↘,33.4↘,31.4↘,29↘,,
00754B,群益AAA-AA公司債,45.63,-0.32,-0.7,106,12月24日,45.9↘,46↘,46↗,46↘,46.3↘,45.8↘,47.7↘,46.9↗,,
00755B,群益15年IG公用債,43.22,-0.3,-0.69,111,12月24日,43.5↘,43.6↘,43.7↗,43.7↘,44.1↘,43.9↘,45.5↘,44.9↗,,
00756B,群益15年EM主權債,43.7,-0.05,-0.11,112,12月24日,43.9↘,44↗,43.6↗,43.6↗,44.2↘,44.5↘,46.6↘,46.5↗,,
00758B,FH能源債,61.6,-0.4,-0.65,100,12月24日,61.9↘,62↘,62↗,62.3↘,62.7↘,61.8↘,62↘,63.6↗,,
00759B,FH製藥債,69.2,-0.5,-0.72,100,12月24日,69.5↘,69.5↘,69.6↗,69.7↘,70.4↘,69.9↘,72.6↘,71↗,,
00760B,FH新興企業債,63.45,-0.35,-0.55,100,12月24日,63.7↘,63.8↘,63.4↗,63.7↘,64.5↘,64.8↘,65.9↘,66.3↗,,
00761B,國泰A級公司債,45.41,-0.37,-0.81,110,12月24日,45.7↘,45.8↘,45.8↗,45.7↘,46.1↘,45.8↘,47.7↘,46.9↗,,
00771,元大US高息特別股,18.82,-0.03,-0.16,6,12月24日,18.8↘,18.8↗,18.8↗,19↘,19.1↘,19.1↘,19.1↘,,,
00772B,中信高評級公司債,43.91,-0.06,-0.14,686,12月24日,44↘,44↗,44.1↗,44↘,44.4↘,44.3↘,46.1↘,,,
00773B,中信優先金融債,44.8,-0.08,-0.18,236,12月24日,44.9↘,44.9↘,44.9↗,44.8↘,45.1↘,44.9↘,46.6↘,,,
00775B,新光投等債15+,41.95,-0.13,-0.31,2,12月24日,42.1↘,42.1↗,42.1↗,42.1↘,42.6↘,42.2↘,43.8↘,,,
00777B,凱基AAA至A公司債,42.95,-0.31,-0.72,102,12月24日,43.2↘,43.3↘,43.5↗,43.4↘,43.8↘,43.5↘,45.4↘,,,
00778B,凱基金融債20+,44.59,-0.3,-0.67,100,12月24日,44.8↘,45↘,45.2↘,45.1↘,45.4↘,45↘,46.5↘,,,
00780B,國泰A級金融債,39.8,-0.2,-0.5,100,12月24日,40↘,40↗,39.9↗,40.1↘,40.6↘,40.7↘,41.8↘,,,
00781B,國泰A級科技債,41.91,-0.36,-0.85,101,12月24日,42.2↘,42.4↘,42.6↘,42.4↘,42.8↘,42.7↘,44.9↘,,,
00782B,國泰A級公用債,41.52,-0.32,-0.76,102,12月24日,41.8↘,41.9↘,42↘,42↘,42.4↘,42.3↘,44.2↘,,,
00784B,富邦中國投等債,36.52,-0.07,-0.19,150,12月24日,36.6↘,36.6↗,36.5↗,36.5↘,36.9↘,37.3↘,38.8↘,,,
00785B,富邦金融投等債,42.63,-0.2,-0.47,171,12月24日,42.8↘,42.8↘,42.8↗,42.8↘,43.2↘,43↘,44.3↘,,,
00786B,元大10年IG銀行債,40.88,-0.26,-0.63,105,12月24日,41.1↘,41.2↘,41.2↗,41.3↘,41.7↘,41.5↘,43↘,,,
00787B,元大10年IG醫療債,42.24,-0.29,-0.68,143,12月24日,42.5↘,42.7↘,42.8↘,42.8↘,43.2↘,42.8↘,44.3↘,,,
00788B,元大10年IG電能債,40.21,-0.31,-0.77,134,12月24日,40.5↘,40.6↘,40.6↗,40.6↘,41↘,40.8↘,42.6↘,,,
00789B,FH公司債A3,64.65,-0.45,-0.69,100,12月24日,65.1↘,65.2↘,65.4↗,65.2↘,65.7↘,65.2↘,67.9↘,,,
00790B,FH次順位IG金融債,62.45,-0.4,-0.64,100,12月24日,62.9↘,62.9↘,63↗,63.1↘,63.7↘,63.6↘,65.5↘,,,
00791B,FH美元信用債1-5Y,54.15,-0.05,-0.09,100,12月24日,54.3↘,54.3→,54.2↘,54.9↘,55.3↘,55.9↘,57.5↘,,,
00792B,群益A級公司債,42.17,-0.11,-0.26,107,12月24日,42.3↘,42.4↘,42.6↗,42.4↘,42.8↘,42.5↘,44.3↘,,,
00793B,群益AAA-A醫療債,41.27,0.01,0.02,124,12月24日,41.3↘,41.6↘,41.8↗,41.7↘,42.3↘,42.1↘,44.1↘,,,
00799B,國泰A級醫療債,41.97,-0.17,-0.4,100,12月24日,42.1↘,42.1↗,42.1↗,42.1↘,42.4↘,42↘,43.7↘,,,
008201,BP上證50,118.9,0,0,0,12月24日,119↘,121↘,120↗,119↗,118↘,122↘,116↗,111↗,104↗,87.1↗
00831B,新光美債1-3,35.89,0,0,50,12月24日,35.9↘,36↗,36↘,36.1↘,36.3↘,36.5↘,37.8↘,,,
00834B,第一金金融債10+,41.97,0,0,100,12月24日,42→,42↗,42.1↗,42↘,42.4↘,42.3↘,43.7↘,,,
00836B,永豐10年A公司債,39.28,-0.38,-0.96,103,12月24日,39.6↘,39.8↘,39.9↘,39.7↘,40.1↘,39.9↘,41.8↘,,,
00840B,凱基IG精選15+,39.23,-0.3,-0.76,100,12月24日,39.5↘,39.5↘,39.6↗,39.6↘,40↘,39.7↘,41.4↘,,,
00841B,凱基AAA-AA公司債,39.7,-0.35,-0.87,100,12月24日,40↘,40.1↘,40.2↗,40.1↘,40.4↘,40↘,41.8↘,,,
00842B,台新美元銀行債,40.06,-0.2,-0.5,100,12月24日,40.2↘,40.3↘,40.3↗,40.3↘,40.8↘,40.6↘,41.7↘,,,
00844B,新光15年IG金融債,39.35,-0.3,-0.76,2,12月24日,39.6↘,39.7↘,39.7↗,39.8↘,40.2↘,40↘,41.3↘,,,
00845B,富邦新興投等債,36.29,-0.08,-0.22,106,12月24日,36.4↘,36.4↗,36.2↗,36.4↘,36.8↘,37.1↘,37.7↘,,,
00846B,富邦歐洲銀行債,36.47,-0.11,-0.3,100,12月24日,36.6↘,36.7→,36.5↗,36.8↘,37.3↘,37.5↘,38.6↘,,,
00847B,中信美國市政債,35.3,-0.27,-0.76,205,12月24日,35.6↘,35.6↘,35.6↗,35.4↗,35.6↗,35.3↘,37.2↘,,,
00848B,中信新興亞洲債,37.18,-0.18,-0.48,101,12月24日,37.4↘,37.4↗,37.2↗,37.1↘,37.5↘,37.6↘,38.6↘,,,
00849B,中信EM主權債0-5,35.7,0,0,100,12月24日,35.7↘,35.7↗,35.7↘,36↘,36.2↘,36.5↘,37.6↘,,,
00853B,統一美債10年Aa-A,35.3,-0.16,-0.45,2,12月24日,35.5↘,35.7↘,35.7↘,35.7↘,36.1↘,35.7↘,37.1↘,,,
00856B,永豐1-3年美公債,35.72,-0.06,-0.17,100,12月24日,35.8↘,35.9↘,35.9↘,36↘,36.1↘,36.4↘,37.6↘,,,
00857B,永豐20年美公債,36.07,-0.43,-1.18,113,12月24日,36.5↘,36.6↘,36.8↗,36.1↗,36.4↘,36.5↘,39.6↘,,,
00859B,群益0-1年美債,35.57,-0.03,-0.08,100,12月24日,35.6↘,35.7↘,35.7↘,35.8↘,35.9↘,36.1↘,37.2↘,,,
00860B,群益1-5年IG債,36.43,-0.06,-0.16,100,12月24日,36.5↘,36.5↗,36.5↗,36.8↘,37↘,37.3↘,38.2↘,,,
00863B,中信全球電信債,39.37,-0.15,-0.38,113,12月24日,39.5↘,39.6↘,39.8↗,39.6↘,40↘,39.5↘,40.7↘,,,
00864B,中信美國公債0-1,36.49,-0.02,-0.05,100,12月24日,36.6↘,36.6↗,36.5↘,36.6↗,36.6↘,36.7↘,37.8↘,,,
00865B,國泰US短期公債,36.47,0,0,105,12月24日,36.5↘,36.6↗,36.5↘,36.6↗,36.6↘,36.7↘,37.8↘,,,
00867B,新光A-BBB電信債,39.58,-0.24,-0.6,5,12月24日,39.8↘,39.9↘,40↗,39.9↘,40.3↘,39.7↘,40.9↘,,,
00870B,元大15年EM主權債,37.87,-0.13,-0.34,102,12月24日,38.1↘,38.1↘,37.9↗,37.6↗,38↘,38.1↘,,,,
00875,國泰網路資安,30.9,0.06,0.19,83,12月24日,30.6↗,30.4↗,30.5↘,31.9↘,32.1↘,31.5↗,,,,
01001T,土銀富邦R1,17.91,0,0,128,12月24日,17.9↗,17.8↗,17.8↗,17.5↗,17.5↗,18↘,17.5↗,16.8↗,15.6↗,16↗
01002T,土銀國泰R1,18.11,0,0,113,12月24日,18.1↗,18.1↗,18↗,17.9↗,17.9↗,18.2↘,18↗,17.2↗,16↗,16.9↗
01004T,土銀富邦R2,15.73,0,0,222,12月24日,15.7↗,15.7↗,15.7↗,15.7↗,15.8↘,16.5↘,15.8↗,14.9↗,14↗,13.6↗
01007T,兆豐國泰R2,19.86,0,0,1,12月24日,19.8↗,19.7↗,19.8↗,19.9↗,19.7↘,20↘,19↗,18.1↗,16.5↗,16.1↗
01009T,王道圓滿R1,9.09,0,0,46,12月24日,9.12↘,9.11↗,9.1↗,9.09↗,9.08↘,9.28↘,9.42↘,9.3↗,,
01010T,京城樂富R1,10.31,0,0,10,12月24日,10.3→,10.3↗,10.3↗,10.5↘,10.6↘,10.7↘,10.5↗,10.3↗,,
020000,富邦特選蘋果N,7.25,0.02,0.28,12,12月24日,7.18↗,7.1↗,7.05↗,6.94↗,7.2↘,7.35↗,6.42↗,,,
020002,元富新中國N,15.27,0,0,0,12月24日,15.2↘,15.5↘,15.7↘,16.2↘,16.7↘,18.7↘,17.6↗,,,
020009,群益A50綠碳N,26.72,0,0,0,12月24日,26.8↘,27.2↘,26.9↗,26.6↗,26.7↘,27.3↗,24.4↗,,,
020013,元富亞洲高股息N,15.32,0.11,0.72,2,12月24日,15.2↗,15.2↗,15.1↗,15.3↗,15.4↘,15.6↗,,,,
02001L,富邦蘋果正二N,11.12,0.07,0.63,132,12月24日,10.9↗,10.7↗,10.5↗,10.2↗,11.1↘,11.6↗,,,,
02001R,富邦蘋果反一N,2.96,0,0,0,12月24日,2.98↘,3↘,3.02↘,3.08↘,3↗,2.99↘,,,,
020021,統一恒生科技N,6.92,-0.04,-0.57,664,12月24日,6.92↘,7.07↘,7.25↘,7.63↘,8.03↘,9.31↘,,,,
1101,台泥,47.9,0.2,0.42,"6,034",12月24日,47.5↗,47.3↗,47.1↗,48.3↘,49.4↘,48↗,45.3↗,43.7↗,41.1↗,39.7↗
1101B,台泥乙特,52.1,0,0,346,12月24日,52.1↘,52.2↘,52.2↘,52.1↗,52.4↘,53.1↘,53.5↘,,,
1102,亞泥,44.25,-0.05,-0.11,"2,659",12月24日,43.9↗,43.5↗,43.1↗,44.3↘,46.1↘,46.3↗,44.8↘,43.8↗,38.5↗,36.9↗
1103,嘉泥,20.5,0.05,0.24,352,12月24日,20.5↘,20.4↘,20.4↘,20.5↘,21.2↘,20.8↗,19.2↗,18.2↗,15.7↗,14.3↗
1104,環泥,21.6,0,0,202,12月24日,21.6↗,21.5→,21.4↗,21.1↗,21.6↘,22.2↘,20.5↗,20.1↗,21.1↘,21.6↗
1108,幸福,11.7,0.05,0.43,89,12月24日,11.7↘,11.6↗,11.5↘,11.8↘,12.2↘,12.8↘,11.1↗,9.79↗,9.31↗,8.91↗
1109,信大,20.2,0,0,139,12月24日,20.2↗,20.1↗,20.1↘,20.8↘,22.1↘,22.6↗,20.4↗,19.2↗,16.5↗,13.9↗
1203,味王,32.25,-0.05,-0.15,10,12月24日,32.3↘,32.3↘,32.6↘,32.6↘,32.9↘,34.6↘,32.4↗,30.4↗,28.2↗,25.2↗
1210,大成,52.7,0,0,682,12月24日,52.5↗,52.5→,52.4↘,53↘,55.2↘,54.6↗,48.9↗,45↗,40.4↗,33.5↗
1213,大飲,8.2,0,0,0,12月24日,8.2↘,8.22↘,8.3↘,8.28↘,8.44↘,8.32↗,7.86↗,8.67↘,11.7↘,16.4↘
1216,統一,68.5,0.2,0.29,"1,501",12月24日,68.1↗,68.2↘,67.9↗,67.7↘,69.7↘,70.3↗,69.7↘,71.6↘,69.2↗,61.3↗
1218,泰山,27.2,0.2,0.74,311,12月24日,27↘,27.1↗,27↘,27.3↘,28↘,28.5↗,25.6↗,23.7↗,21.1↗,17.4↗
1219,福壽,19.75,0,0,473,12月24日,19.7↘,19.8↘,20.1↘,20.7↘,21.1↘,21.5↘,20.3↗,19.6↗,18.8↗,17↗
1227,佳格,52.9,-0.4,-0.75,"1,160",12月24日,53.4↘,53↗,52.1↗,51.8↗,52.3↘,54.3↘,59.4↘,58.7↗,62.8↘,73↘
1233,天仁,34.15,-0.15,-0.44,15,12月24日,34.3↘,34.3↗,34.1↗,33.5↗,34↘,34.6↘,35.6↘,36.5↘,36.6↘,40.6↘
1240,茂生農經,51.1,-0.2,-0.39,19,12月24日,51.4↘,51.3↘,51.3↘,51.3↘,52.6↘,53.3↘,54↘,51.5↗,,
1256,鮮活果汁-KY,316,-3.5,-1.1,41,12月24日,320↘,322↘,332↘,356↘,403↘,399↗,314↗,271↗,222↗,
1259,安心,68.4,0,0,5,12月24日,68.7↘,68.8↘,69.1↘,69.7↘,69.6↗,68.9↘,69.1↘,69.1↗,74↘,
1268,漢來美食,111,0.5,0.45,18,12月24日,111↗,111↘,114↘,119↘,124↘,128↘,128↘,130↘,,
1305,華夏,34.6,0,0,"3,433",12月24日,34.3↗,33.9↗,34.2↘,37.1↘,37.6↘,35.1↗,27.3↗,25.5↗,26.8↗,20.6↗
1307,三芳,20.85,-0.05,-0.24,52,12月24日,20.8↗,20.7→,20.7↘,21.2↘,21.9↘,21.8↘,21.7↘,22.5↘,26.6↘,28.9↘
1309,台達化,33.95,0.05,0.15,743,12月24日,33.8↗,33.6↗,33.8↘,35↘,38.6↘,39.1↗,28.5↗,22.6↗,18.4↗,14.1↗
1310,台苯,17.25,0.05,0.29,838,12月24日,17.2↗,17.2→,17.2↘,18↘,19.3↘,19.2↘,18↘,19.8↘,20.8↘,17.3↗
1313,聯成,21.45,0.1,0.47,"2,996",12月24日,21.2↗,21.1↗,21.2↘,22.5↘,23.8↘,22.8↗,17.1↗,15.2↗,15.4↗,14.2↗
1319,東陽,32.9,0.25,0.77,605,12月24日,32.7↘,32.8↘,33↘,33.4↘,34.3↘,35.2↘,36.6↘,38.8↘,44.5↘,41.4↗
1321,大洋,34.9,-0.1,-0.29,20,12月24日,34.8↗,34.8↘,35↘,34.1↗,34.5↘,35.3↘,34.1↘,32.4↗,30.4↗,30.3↗
1325,恆大,44.85,-0.1,-0.22,360,12月24日,45↘,44.9↘,45.5↗,42.3↘,52.2↘,70.7↘,87.4↗,63.7↗,45.9↗,32.5↗
1326,台化,80.4,0,0,"1,202",12月24日,79.9↗,79.6↗,79.7↗,80.9↘,82↘,83.9↘,79.3↘,85.9↘,92.7↘,84.5↘
1336,台翰,21.2,0.2,0.95,48,12月24日,20.9↗,20.8↗,20.6↗,20.8↘,21.9↘,23↘,19.7↗,18.1↗,17.2↗,14.2↗
1337,再生-KY,7.25,0,0,266,12月24日,7.2↗,7.17↗,7.14→,7.23↘,7.4↘,7.87↘,6.88↗,6.75→,8.98↘,32.1↘
1338,廣華-KY,54.5,0.1,0.18,46,12月24日,54.2↗,55↘,53.4↗,50.2↗,54.5↘,59.9↘,57.8↘,61.9↘,77.5↘,
1339,昭輝,34.55,0.05,0.14,18,12月24日,34.7↘,34.8↘,34.5↗,34.4↘,35.7↘,37.9↘,41↘,40.2↘,40.7↘,
1341,富林-KY,67.8,0,0,3,12月24日,67.9↗,67.7↗,67.6↘,67.8↗,70.7↘,70.4↗,64.9↗,,,
1402,遠東新,28.9,0.1,0.35,"3,789",12月24日,28.6↗,28.5↗,28.5↗,29.1↘,29.8↘,29.9↗,28.5↘,29.1↗,28.4↗,29.5↘
1432,大魯閣,11.85,-0.9,-7.06,"1,778",12月24日,12.6↘,12.7↘,12.8↘,12.9↘,13.1↘,13.8↘,11.5↗,10.3↗,11.3↘,15.2↗
1434,福懋,29.4,0.8,2.8,"9,529",12月24日,28.4↗,28.6↗,28.8↗,29.5↘,30.4↘,30.7↘,31.7↘,33↘,32.6↘,31.4↗
1439,中和,23.4,-0.05,-0.21,1,12月24日,23.4↘,23.5↘,23.6↘,22.9↗,23↘,24.3↘,28.5↘,29.3↘,27.9↗,21.5↗
1444,力麗,11.2,0.05,0.45,"2,033",12月24日,11.1↗,11.1↗,11.1↘,11.3↗,11.5↘,12↘,10.7↗,10.3↗,10.3↗,10.1↗
1447,力鵬,10.25,0,0,"1,430",12月24日,10.2↗,10.2→,10.1↘,10.4↘,10.8↘,10.7↗,8.73↗,8.28↗,8.32↗,9.32↗
1449,佳和,15.05,0.05,0.33,88,12月24日,15↗,15↗,15↘,15.2↘,15.7↘,18.4↘,16.9↗,13↗,9.9↗,6.55↗
1455,集盛,16.5,0,0,"1,815",12月24日,16.6↘,16.6↘,16.5↘,17.1↘,18.7↘,17.2↗,12.4↗,11.2↗,10.9↗,10.3↗
1460,宏遠,9.43,-0.03,-0.32,"1,748",12月24日,9.44↘,9.48↘,9.49↘,9.65↘,10.6↘,10.1↘,9.45↘,9.99↘,11.9↘,12↗
1464,得力,15.8,0.05,0.32,258,12月24日,15.7↗,15.5↗,15.4↗,15.6↘,16.3↘,17↘,18.7↘,20.3↘,22.3↘,19.6↗
1465,偉全,12.75,0.2,1.59,151,12月24日,12.6↗,12.5↗,12.4↗,12.6↘,12.8↘,12.9↘,13.7↘,13.9↘,14↗,14.6↘
1466,聚隆,15.15,-0.15,-0.98,228,12月24日,15.2→,15.2↘,15.2↘,15.5↘,16.6↘,17↘,15.4↗,13.2↗,12.5↗,15.2↘
1467,南緯,13.85,0.05,0.36,450,12月24日,13.8↗,13.8↘,13.9↘,14↘,14.5↘,16.7↘,16.2↗,13.8↗,12.6↗,12.5↗
1468,昶和,12.9,0.05,0.39,77,12月24日,12.8→,12.9↘,13↘,12.9↗,12.4↗,13↘,12.2↗,11.5↗,11↗,10.7↗
1473,台南,18,0.05,0.28,43,12月24日,18→,18↗,17.9↗,17.9↗,17.9↘,18↘,19.5↘,20.8↗,22↘,26.7↘
1512,瑞利,3.76,-0.01,-0.27,82,12月24日,3.76↘,3.75→,3.74↘,3.75↗,4.04↘,4.33↘,4.3↘,4.85↘,7↘,6.93↘
1513,中興電,44.9,0.1,0.22,"3,610",12月24日,44.1↗,43.7↗,44.2↘,44.2↘,46.2↘,48.7↘,41.4↗,34.5↗,29↗,23.6↗
1515,力山,56.8,-0.3,-0.53,509,12月24日,57.1↗,56.6↘,59.3↘,63.8↘,69.3↘,75.5↘,74.7↘,77.4↘,62↗,35.8↗
1519,華城,36.35,-0.35,-0.95,283,12月24日,36.6↘,36.5↗,35.8↗,36.3↘,38.4↘,41.9↘,38.6↗,33.6↗,28.3↗,21.7↗
1521,大億,40.5,0.4,1,76,12月24日,40.3↗,40.5↘,41.1↘,42↘,43.1↘,47.3↘,52.5↘,55.5↘,64.4↘,65.9↘
1522,堤維西,19.1,0.1,0.53,244,12月24日,19↗,19→,19.1↘,19.5↘,20.2↘,21.6↘,22.5↘,24.2↘,27.2↘,22.9↗
1525,江申,60.7,-0.4,-0.65,17,12月24日,60.5↗,59.9↗,59.7↘,60.9↘,64.2↘,67.3↘,60.8↗,60.2↗,72.9↘,70.9↗
1526,日馳,48.15,-0.45,-0.93,114,12月24日,48.3→,48.7↘,48.8↘,47.8↘,50.3↘,48.8↗,41.3↗,37.7↗,37.3↗,24.1↗
1527,鑽全,42.9,0.05,0.12,139,12月24日,42.9↗,42.9↗,42.5↘,42.7↘,45.5↘,46.1↗,43.9↘,46.9↘,57.3↘,49.3↗
1530,亞崴,32.95,-0.1,-0.3,15,12月24日,32.8↘,33↘,32.9↗,33.3↘,35.2↘,35.1↗,32.6↗,31.7↗,32↗,33.4↗
1532,勤美,32.6,0,0,83,12月24日,32.5↗,32.3↗,32.3↗,32.1↗,32.6↘,32.7↗,30.8↗,32.1↘,31.3↘,31↗
1536,和大,90.8,-0.1,-0.11,725,12月24日,90.8↗,90.6↘,90.8↘,92↘,95↘,101↘,101↘,104↘,116↘,90↗
1537,廣隆,138,0,0,27,12月24日,138↘,138↘,138↘,139↘,143↘,144↘,143↘,147↘,148↘,122↗
1540,喬福,15.2,0,0,179,12月24日,15.2↘,15.2↗,15↗,14.8↗,15.3↘,15.6↘,15.8↘,16.9↘,16.3↗,17.8↘
1541,錩泰,43.55,0.05,0.11,1,12月24日,43.6↗,43.6↘,43.4↗,43.9↘,45.5↘,49.6↘,46.3↗,41.8↗,43.3↘,33.5↗
1558,伸興,144.5,1,0.7,46,12月24日,144↗,144↘,144↘,147↘,152↘,155↗,144↗,143↗,141↘,140↗
1568,倉佑,23,2.05,9.79,"1,457",12月24日,21.3↗,21.1↗,21↗,21.4↗,23.2↘,25.5↗,21.1↗,20.8↗,25.5↘,
1569,濱川,25.15,0.05,0.2,177,12月24日,25↗,25.1↘,25↗,24.5↘,25.6↘,26.9↘,25.9↘,24.1↗,27.1↘,27.7↘
1582,信錦,69.8,-0.2,-0.29,149,12月24日,69.8↗,69.4↗,68.9↗,69.6↗,72.7↘,79.1↘,81↘,80.1↗,73.9↗,63.2↗
1583,程泰,62.7,0.2,0.32,32,12月24日,62.4→,62.6↘,62.2↘,62.6↗,63.9↘,63.8↗,61.6↗,59.2↗,60.1↗,60.1↗
1586,和勤,42.1,0.25,0.6,321,12月24日,41.3↗,41.1↗,41↗,40.9↗,41.3↘,43.2↗,41↗,38.7↗,37.7↗,
1587,吉茂,26.2,0.35,1.35,210,12月24日,25.8↗,25.5↗,25.4↗,26.1↘,27↘,27.4↗,22.9↗,21.3↗,,
1589,永冠-KY,61.4,0,0,260,12月24日,61.6→,61.5↗,61.3↘,63.3↗,65.9↘,72.3↘,73.4↘,69.4↗,72.5↘,
1591,駿吉-KY,14.55,-0.1,-0.68,61,12月24日,14.7↘,14.7→,14.7↘,15↘,15.4↘,17↘,18.5↘,23.2↘,26.6↘,
1593,祺驊,82.4,-0.4,-0.48,27,12月24日,82.4↗,81.9↘,82.6↘,85.8↘,92.8↘,99.8↗,76.5↗,67.5↗,57.7↗,
1597,直得,87.4,-0.7,-0.79,91,12月24日,86.6↗,85.6↗,85.8↘,86.3↘,94.1↘,102↘,92.8↘,91.7↘,91.7↗,
1598,岱宇,54.5,-0.2,-0.37,105,12月24日,54.6↗,54↘,56.7↘,61↘,68.2↘,86.5↘,80.4↗,66.6↗,55.3↗,
1603,華電,27,0.2,0.75,110,12月24日,26.8↗,26.6↘,26.6↘,26.8↗,27.3↘,28.2↘,28.2↘,26.7↗,25.4↗,18.4↗
1615,大山,31.9,-0.15,-0.47,36,12月24日,32↗,31.9↘,32↘,32.5↗,33.5↘,32.7↗,26.9↗,23.5↗,19.9↗,15.3↗
1618,合機,14.45,0.1,0.7,193,12月24日,14.4↗,14.4↘,14.4↘,14.5↗,14.7↘,14.9↗,12↗,10.8↗,10.1↗,9.67↗
1626,艾美特-KY,19.6,0.5,2.62,283,12月24日,19.2↗,19.1↗,19.2↗,19.7↘,22.4↘,24↘,24.8↘,24.9↗,24.6↘,
1701,中化,22.55,0,0,158,12月24日,22.6↘,22.6↘,22.7↗,22.4↘,23↘,23.1↘,22.6↗,21.3↗,20.4↗,20.3↗
1702,南僑,49.3,0,0,232,12月24日,49.3↘,49.3↗,49.2↘,49.4↘,49.5↘,49.6↗,47.2↘,48.8↗,53.1↘,51.5↗
1707,葡萄王,160.5,-0.5,-0.31,179,12月24日,161↘,161↘,162↘,162↘,164↘,170↘,179↘,185↘,194↘,164↗
1717,長興,37.15,0.1,0.27,"2,672",12月24日,36.8↗,36.6↗,36.5↗,36.8↘,37.7↘,37.6↗,34.1↗,31.2↗,30.8↗,29.8↗
1718,中纖,10,0.01,0.1,"2,901",12月24日,9.97→,9.97→,10↘,10.4↘,10.4↘,10.3↗,8.81↗,8.92→,9.14↗,9.64↘
1730,花仙子,63.2,0.2,0.32,29,12月24日,63.2↘,63.2↘,63.4↘,63.5↘,64.9↘,67.7↘,69.5↘,71.5↗,60.5↗,43.4↗
1734,杏輝,28.7,-0.15,-0.52,422,12月24日,28.8↘,28.8↘,28.8↘,31.6↘,33.2↘,31.8↘,30.7↗,27↗,25.1↗,30.1↗
1736,喬山,56.2,-0.4,-0.71,92,12月24日,56.4↘,56.1↘,57↘,58.2↘,65.7↘,75.4↘,73↘,69.2↗,56.2↗,63.1↘
1760,寶齡富錦,70.5,-0.4,-0.56,186,12月24日,70.6↗,69.8↗,70↗,68.6↘,75.1↘,81.2↘,94.6↘,94↘,,
1762,中化生,64.2,-0.6,-0.93,331,12月24日,64.8↘,65.2↘,65.6↗,66.7↘,68.1↘,64.3↗,58.3↗,48.6↗,39.1↗,40.9↗
1777,生泰,64.3,-0.2,-0.31,38,12月24日,64.2↘,64.3↘,65.3↘,67.9↘,70.6↘,78↘,78.9↘,78.7↘,80.7↘,73.5↗
1781,合世,15.85,0,0,18,12月24日,16↘,16↘,16.1↗,14.7↗,15.9↘,19.5↘,20.5↗,16.9↗,15.9↘,22.8↗
1784,訊聯,39.6,0.05,0.13,71,12月24日,39.4↘,39.8↘,40.8↘,42.2↘,43.3↘,41.7↘,40.2↘,40.1↗,35.1↗,37.3↗
1786,科妍,49.6,0.05,0.1,13,12月24日,49.7↘,49.8↘,49.9↘,49.9↘,52.8↘,54.5↘,59.2↘,62.7↘,59.6↘,
1789,神隆,24.2,0.05,0.21,380,12月24日,24.2↘,24.3↘,24.2→,24.4↘,24.8↘,25.7↘,27.9↘,27↘,30.3↘,44.6↘
1802,台玻,26.6,0.05,0.19,"3,371",12月24日,26.3↗,26↗,26.3→,27.2↘,32↘,28.3↗,19.7↗,17.3↗,16.9↗,20.2↘
1808,潤隆,54.2,-2.8,-4.91,"1,520",12月24日,57.4↘,58.3↘,58.9↘,59.2↘,59.1↘,58.4↘,60↘,60.8↘,55.6↗,44↗
1813,寶利徠,18.1,-0.05,-0.28,18,12月24日,18.2↗,18.1→,18.1↗,17.8↗,18.2↘,18.5↘,20.1↘,21.8↘,21.5↘,27.7↘
1904,正隆,35.9,0.85,2.43,"10,946",12月24日,34.6↗,34.2↗,34.1↗,34.3↘,37.1↘,37.2↗,31.2↗,27.2↗,23.1↗,17.7↗
1909,榮成,24.55,0.35,1.45,"15,339",12月24日,24↗,23.8↗,24↘,24.5↘,26.4↘,25.4↗,20.3↗,18.5↗,23.5↗,17.7↗
2009,第一銅,43.75,-0.65,-1.46,"1,582",12月24日,43.6↗,43.4↗,43.5↘,44.6↘,49.7↘,45.5↗,27.2↗,21.5↗,17↗,12.9↗
2029,盛餘,33.25,-1,-2.92,"1,524",12月24日,34.1↘,33.6↘,33.1↘,33.7↘,39.3↘,33.9↗,26↗,23.8↗,26.4↘,23.4↗
2035,唐榮,36,0.2,0.56,14,12月24日,36.1↘,36.2↘,36.2↘,35.6↗,36.7↘,37↘,37.8↘,38.9↘,41.6↘,39.3↗
2049,上銀,297,2.5,0.85,"1,463",12月24日,292↗,291↗,289↗,296↘,322↘,360↘,326↗,303↗,293↗,258↗
2062,橋椿,27.15,0.1,0.37,299,12月24日,27↗,27↗,27.1↘,27.3↘,28.3↘,28.3↗,25.9↘,28↘,32.1↘,40.2↘
2065,世豐,47.1,-0.2,-0.42,64,12月24日,47.8↘,47.9↘,47.9↘,46.7↗,48.9↘,48.4↗,49.2↗,45.5↗,,
2101,南港,38.85,0.1,0.26,709,12月24日,38.7↗,38.9↘,38.9↘,39.9↘,39.5↗,39.9↘,42↘,40.4↗,35.1↗,34.9↘
2105,正新,36.05,0.25,0.7,"2,275",12月24日,35.8↘,35.8↗,35.2↗,34.8↗,37.7↘,41.8↘,39.5↘,40.4↘,45.9↘,59↘
2106,建大,30.55,0.1,0.33,729,12月24日,30.4↗,30.4↘,30.3↗,30.6↘,33.1↘,35.8↘,32.8↘,31.9↗,35.1↘,43.7↘
2107,厚生,22.65,0.1,0.44,175,12月24日,22.6↗,22.5↘,22.6↘,22.7↘,23.1↘,23.8↘,21.4↗,20.2↗,18.3↗,20.7↗
2108,南帝,84.6,-1.5,-1.74,"3,551",12月24日,86.1↗,83.7↗,83.9↗,83.7↘,99.8↘,101↗,70.8↗,58↗,44.8↗,33.3↗
2114,鑫永銓,120,-1,-0.83,29,12月24日,121↘,121↘,120↗,120↘,132↘,123↗,102↗,96.2↗,90.5↗,87.3↗
2115,六暉-KY,40.35,0.35,0.88,73,12月24日,40.2↗,40.2↘,40.1↗,40.3↘,43.1↘,45.3↘,43.1↘,41.5↗,43.4↘,
2204,中華,63.4,0.5,0.79,290,12月24日,63.2↗,63.3↘,64.1↘,67.6↘,68.7↘,64.4↗,51.6↗,43.9↗,37.2↗,31.7↗
2206,三陽工業,26.6,0.05,0.19,265,12月24日,26.4↗,26.5↘,26.4↘,26.6↘,27.3↘,29.3↘,25.9↗,24.3↗,23↗,24.7↗
2208,台船,21.45,0,0,900,12月24日,21.5↘,21.5↘,21.8↘,21.9↘,23.1↘,23.8↘,23.8↘,24.7↘,22.1↗,19.9↘
2227,裕日車,246.5,-0.5,-0.2,17,12月24日,247↗,247↘,248↘,251↘,257↘,261↘,259↘,258↗,253↗,264↗
2228,劍麟,67.8,-0.1,-0.15,27,12月24日,67.6↗,67.8↘,67.7↘,68.3↘,70.1↘,73.6↘,81.1↘,88↘,101↘,
2230,泰茂,13.9,0.2,1.46,34,12月24日,13.8↗,13.8↗,13.6↗,13.6↘,14.4↘,15.1↗,13.7↗,13.9↗,13.5↗,
2233,宇隆,97.3,2.2,2.31,595,12月24日,95↗,94.8↗,95↗,98.4↘,110↘,106↗,86.7↗,82.1↗,90.4↗,90.2↗
2235,謚源,39.85,-0.6,-1.48,8,12月24日,39.9↗,39.3↗,39.2↗,39↗,40.5↘,41.7↘,44.5↘,50.4↘,66.3↘,
2239,英利-KY,82.5,-0.6,-0.72,106,12月24日,81.6↗,81.3↘,82.1↘,71.2↗,74.6↘,87↘,82.3↘,91.8↘,119↘,
2241,艾姆勒,50.4,0.2,0.4,156,12月24日,49.9↗,49.9↗,50.5↘,54.2↘,56.9↘,57.2↘,,,,
2247,汎德永業,209.5,0,0,38,12月24日,210↗,210↘,210↘,211↘,217↘,227↘,,,,
2302,麗正,16.8,-0.15,-0.88,393,12月24日,16.8↗,16.7↘,16.9↘,16.8↗,17.7↘,19.1↘,14.9↗,12.8↗,10.3↗,8.01↗
2308,台達電,270.5,0.5,0.19,"2,161",12月24日,267↗,268↘,264↗,256↗,269↘,279↗,224↗,198↗,176↗,161↗
2317,鴻海,104,0,0,"11,662",12月24日,104↗,104↘,104↘,106↘,108↘,111↗,95.6↗,89.4↗,90.9↗,88.8↗
2321,東訊,6.25,-0.42,-6.3,12,12月24日,6.62↘,6.54↘,6.4↗,6.42↘,6.59↘,6.9↘,5.02↗,4.08↗,3.58↗,3.02↗
2323,中環,9.17,0.04,0.44,"6,427",12月24日,9.04↗,9.03↗,8.98↗,8.88↗,9.27↘,9.45↗,8.74↘,8.44↗,7.13↗,5.8↗
2327,國巨,473,-3,-0.63,"3,478",12月24日,464↗,458↗,458↗,439↗,480↘,511↘,447↗,397↗,381↗,205↗
2328,廣宇,39.45,0,0,"2,344",12月24日,39.3↗,39.2↗,38.8↗,39.8↗,39.8↘,39.7↗,29.3↗,27.3↗,26.1↗,23.7↗
2331,精英,22.2,-0.3,-1.33,"2,506",12月24日,22.2↗,22.2↘,22.8↘,22.9↘,22.6↗,24.8↘,19↗,16.8↗,17.5↗,17.1↗
2332,友訊,18.6,-0.4,-2.11,"2,705",12月24日,18.6↗,18.6↘,18.5↘,19.2↗,18.8↗,21.2↘,18.5↗,16.5↗,14.6↗,15.5↘
2337,旺宏,41.25,-0.1,-0.24,"6,013",12月24日,41.1↗,40.8↘,41.5↘,39.8↗,40.4↘,41.6↗,37.5↗,33.4↗,32↗,19.5↗
2345,智邦,259,-1,-0.38,"1,079",12月24日,259↗,272↘,282↘,270↘,289↘,287↘,248↗,211↗,161↗,90.9↗
2349,錸德,9.97,0,0,"5,898",12月24日,9.77↗,9.65↗,9.47↗,9.54↗,9.67↗,10.1↘,8.41↗,8.82↘,8.19↗,6.11↗
2352,佳世達,30.05,0,0,"1,927",12月24日,29.9↗,29.9↘,29.9↗,30.4↗,30.1↘,30.3↗,24.6↗,23.2↗,22↗,15.9↗
2354,鴻準,64.6,0,0,"1,321",12月24日,64.2↗,64.2↘,64.5↘,67.2↘,66↘,66.7↗,61.1↘,62↗,70.5↘,78.2↘
2356,英業達,25,0.15,0.6,"2,111",12月24日,24.9↘,25.2↘,25.5↘,26.1↘,25.4↘,25.4↗,24.4↗,23.9↗,23.8↗,21.6↗
2367,燿華,20.25,0.05,0.25,"12,628",12月24日,19.5↗,19.1↗,18.9↗,18.5↗,19.4↘,20.5↘,22.5↘,22.9↗,19.9↗,15.8↗
2373,震旦行,89.8,-0.3,-0.33,16,12月24日,89.9↗,89.8↘,89.9↘,89.2↗,89.7↘,90↗,88.7↘,90.6↘,85.5↗,68.8↗
2375,凱美,97.6,-1.1,-1.11,"2,141",12月24日,98.3↘,99.6↘,106↘,92.8↗,98.1↘,104↗,73.1↗,62.7↗,52.4↗,31.4↗
2385,群光,82.2,0,0,"1,155",12月24日,81.9↗,81.6↗,81.2↗,80.2↗,79.7↗,83.4↘,84.1↘,82.3↗,78.4↗,76.6↗
2387,精元,44.45,-0.55,-1.22,997,12月24日,44.7↘,45.1↘,45.9↗,44.4↘,47.4↘,54.7↘,51↗,42.9↗,32.8↗,24↗
2392,正崴,39,0,0,730,12月24日,38.8↗,38.8↗,38.6↘,38.4↗,39.2↘,42↘,40.9↘,38.8↗,38.6↗,46.8↘
2397,友通,60.2,-0.2,-0.33,18,12月24日,60.2↗,59.9↗,59.3↗,57.2↗,59.5↘,62.4↘,67.7↘,71.3↘,67↗,51.3↗
2402,毅嘉,17.15,0.1,0.59,"1,002",12月24日,16.9↗,17↗,16.8↗,16.3↗,17.1↘,17.6↗,16.4↗,16.1↗,16.7↗,18.6↘
2404,漢唐,178,3.5,2.01,"1,334",12月24日,173↗,173↗,174↘,179↗,187↘,211↘,204↘,181↗,133↗,83.2↗
2408,南亞科,75.7,-0.2,-0.26,"6,948",12月24日,76.2→,76↘,76.3↗,69.9↗,70.1↘,78.6↘,72.2↘,70.1↗,69.3↗,46.8↗
2417,圓剛,30,2.7,9.89,"14,527",12月24日,26.2↗,25.4↗,25.3↗,26.4↘,30.4↘,38.5↘,35.2↗,27.2↗,21↗,17.5↗
2421,建準,42,-0.5,-1.18,"1,496",12月24日,41.4↗,40.8↗,41.3↘,39.7↗,40.6↘,45.4↘,47.7↘,44.3↗,43.6↗,31.9↗
2424,隴華,21.25,0,0,0,12月24日,21.4↗,21↘,21.4↘,22.7↘,22.8↘,24.6↘,22.9↘,25.7↘,27↗,28.5↗
2428,興勤,153.5,-1.5,-0.97,161,12月24日,155↗,154→,153↘,161↘,184↘,181↗,140↗,121↗,105↗,73↗
2433,互盛電,51.1,0,0,28,12月24日,51.1↗,51.2↘,51.2↘,51↗,51.4↘,51.9↘,51.5↘,50.1↗,47.3↗,43.9↗
2439,美律,93.5,-1.4,-1.48,559,12月24日,93.6↗,93.8↘,94.5↘,89.9↗,96.9↘,111↘,129↘,138↘,150↘,117↗
2456,奇力新,93.4,-0.6,-0.64,"1,086",12月24日,91.7↗,90.5↗,90.6↗,86.5↗,93.6↘,99.2↘,102↘,97.3↘,97↗,65.8↗
2458,義隆,169,0,0,"1,095",12月24日,168↗,164↗,163↗,161↗,166↘,176↗,146↗,125↗,93.2↗,69.6↗
2460,建通,27.8,-0.15,-0.54,421,12月24日,28.1↘,28.5↘,28.3↘,25.2↗,27↘,28.7↗,19.7↗,16.5↗,15.1↗,13.4↗
2462,良得電,29.2,-1,-3.31,"1,239",12月24日,28.6↗,28.8↘,28.6→,28.4↗,28.6↘,29.4↘,27.9↗,28.2↗,27.6↗,26.4↗
2464,盟立,42.05,-0.35,-0.83,342,12月24日,42↗,41.9↗,42↘,42↘,42.3↘,43.7↘,41.5↗,42.1↘,42.3↗,34.9↗
2471,資通,25.95,-0.55,-2.08,236,12月24日,25.9↗,25.7↗,25.5↗,24↗,24.4↘,26↘,23.4↗,21.4↗,19↗,17.6↗
2472,立隆電,66.4,1.9,2.95,"2,013",12月24日,64.6↗,64.1↗,65.5↘,63.8↗,67.8↘,68.6↗,57.2↗,51.8↗,51.1↗,38.9↗
2474,可成,156,1,0.65,"1,219",12月24日,155↗,155→,154↗,159↘,168↘,181↘,197↘,209↘,255↘,241↘
2477,美隆電,30.6,0.05,0.16,207,12月24日,30.5↗,30.6↘,31.2↘,29.1↗,29.7↘,31.9↘,27.9↗,26↗,25↗,19.3↗
2478,大毅,64.5,-0.2,-0.31,244,12月24日,64.3↗,64.3↘,65.2↘,63.9↗,65.7↘,71.5↘,71.2↗,63.1↗,54.9↗,35.9↗
2488,漢平,27,0.05,0.19,110,12月24日,27↘,27.2↘,27.1↘,27.3↘,28.5↘,29.8↘,29.7↘,31.9↘,33.1↘,28.9↗
2491,吉祥全,20.95,0.05,0.24,107,12月24日,20.8↗,20.9↘,21.2↘,21.6↘,24.5↘,21.9↗,15.2↗,12.6↗,10.3↗,8.15↗
2492,華新科,166,-3,-1.78,"2,720",12月24日,167↘,166↗,168↘,160↗,176↘,204↘,197↘,189↘,167↗,89.9↗
2496,卓越,49.5,0.1,0.2,25,12月24日,49.6↘,49.5↗,49.4↘,49.4→,50.7↘,53.4↘,58.2↘,66.3↘,102↘,57.4↗
2501,國建,19.2,-0.05,-0.26,172,12月24日,19.2↗,19.2↘,19.3↘,19.4↘,19.6↘,19.7↘,19.7↘,20.6↘,19.5↗,17.6↗
2505,國揚,23.6,0,0,161,12月24日,23.5↗,23.4↘,23.5↘,24.3↘,26.2↘,30↘,26.3↗,21.8↗,18.5↗,16.4↗
2506,太設,9.72,-0.03,-0.31,43,12月24日,9.74↗,9.67↘,9.72↘,9.72↗,9.74↘,9.96↘,9.86↘,10.4↘,10.7↘,11↗
2509,全坤建,18.2,0,0,76,12月24日,18.2→,18.2↘,18.3↘,18.3↘,18.8↘,19↘,19.8↘,22.4↘,22.9↗,22.4↘
2515,中工,8.88,0.03,0.34,"1,835",12月24日,8.85↗,8.84↗,8.82↘,8.82↗,8.82↘,9.04↘,8.22↗,8.07↗,7.73↗,7.66↗
2520,冠德,37.45,0,0,968,12月24日,37.6↘,37.8↘,38.2↘,38.4↘,39.7↘,38.4↗,35.1↗,31.8↗,27.2↗,25.6↗
2528,皇普,21.65,0,0,0,12月24日,21.7↘,21.8↘,21.7→,21.6↘,21.7↘,22.4↘,22↗,20.2↗,18.2↗,14.4↗
2539,櫻花建,31.15,0,0,133,12月24日,31.2↘,31.2↘,31.2→,31.3↘,32↘,31.8↗,31.8↗,30.8↗,29.7↗,28.7↗
2540,愛山林,72.8,0,0,4,12月24日,72.4↗,72.4↘,73.1↘,77.6↘,76.5↗,73.6↘,56.3↗,45.7↗,37.5↗,32.4↗
2545,皇翔,37.2,0.15,0.4,172,12月24日,37.1↗,37↘,37↗,37.3↗,39.2↘,39.5↘,37.7→,35.1↗,34.2↘,41.9↘
2547,日勝生,10.25,0.05,0.49,"1,920",12月24日,10.1↗,10↗,10↗,10.3↘,10.6↘,11↘,10.7↘,11.6↘,12.1↗,15.3↘
2597,潤弘,121,0,0,81,12月24日,121↗,120↗,121↘,124↘,135↘,122↗,91.6↗,79.9↗,63.6↗,56↗
2601,益航,12.95,-0.1,-0.77,"3,987",12月24日,13↗,13↘,13.2↘,13.2↘,15.4↘,13.9↗,11.8↗,11.8↗,10.9↗,15.5↘
2605,新興,29.55,-0.45,-1.5,"5,791",12月24日,30.2↘,30↘,29.7↗,30.2↘,35↘,29.9↗,22.3↗,20.2↗,20↗,22.3↗
2608,嘉里大榮,44.55,-0.05,-0.11,384,12月24日,44.5↘,44.3↘,44.6↗,43.9↘,48.9↘,48.8↘,44.4↗,41.9↗,40.8↗,40.1↗
2611,志信,20,-0.15,-0.74,916,12月24日,20.2↘,20.3↘,20.3↘,21.2↘,26.1↘,20.6↗,13.7↗,11.6↗,9.81↗,10.4↗
2613,中櫃,26.2,-0.3,-1.13,150,12月24日,26.4↗,26.3↘,26.5↘,26.9↘,31↘,27.2↗,20.8↗,18.3↗,16.2↗,16.5↗
2633,台灣高鐵,29.4,0.05,0.17,"2,095",12月24日,29.4↗,29.3↘,29.6↘,29.3↘,29.6↘,29.9↘,31.7↘,33.5↘,29.7↗,
2701,萬企,12.1,-0.05,-0.41,31,12月24日,12↗,12.1↘,12.1↘,12.1↗,12.2↘,12.2↘,12.1↘,12.4↘,12.8↘,13.6↘
2705,六福,17.35,-0.1,-0.57,57,12月24日,17.3↗,17.4↘,17.5↘,18↘,18.2↘,18.8↘,17.4↗,14.2↗,11.5↗,12.2↘
2722,夏都,30.4,-0.05,-0.16,17,12月24日,30.4↘,30.4↘,30.5↘,31.6↘,32.4↗,30.5↗,28.8↗,27.9↗,30.6↘,
2723,美食-KY,113,-2,-1.74,357,12月24日,112↗,113↘,116↘,127↘,137↘,148↘,127↘,144↘,213↘,213↘
2726,雅茗-KY,30.8,-0.3,-0.96,31,12月24日,31.1↘,31.5↘,32.3↘,34.6↘,44.4↘,58.5↘,60.7↘,62.2↘,69.3↘,
2727,王品,134.5,0.5,0.37,121,12月24日,134→,134↘,136↘,142↘,146↘,149↘,114↗,103↗,115↘,
2729,瓦城,220.5,1,0.46,11,12月24日,218↗,220↘,224↘,232↘,237↘,238↘,237↘,248↘,242↗,
2732,六角,92.2,0.2,0.22,61,12月24日,89.8↗,89.6↗,91.6↘,97.3↘,102↘,113↘,126↘,126↗,109↗,
2734,易飛網,21.2,-0.3,-1.4,86,12月24日,21.5↘,21.6↘,21.9↘,22.4↘,23.5↘,21.7↗,16.5↗,15↗,15.9↗,
2736,富野,15.6,0.5,3.31,366,12月24日,15.2↗,15.2↗,15.1↘,15.8↘,16.7↘,15.8↗,14.8↗,15↘,15.9↘,
2739,寒舍,22.55,0,0,23,12月24日,22.6→,22.6↘,22.7↘,23↘,23.2↘,23.9↘,24.1↘,25.3↘,29.2↘,
2745,五福,22.4,0,0,4,12月24日,22.5↘,22.7↘,22.7↘,22.9↗,22.9↘,22.6↗,19.9↗,20.2↘,,
2748,雲品,39,0.05,0.13,69,12月24日,39↘,39.4↘,40↘,41.7↘,42.1↘,41.9↘,43.3↘,49↘,54.4↘,
2752,豆府,152,0,0,1,12月24日,152↗,152↘,153↘,155↘,153↗,160↘,149↗,,,
2755,揚秦,54.7,0,0,9,12月24日,54.7↘,54.8↘,55.2↘,56.1↘,57.4↗,56.7↘,,,,
2801,彰銀,16.75,0.05,0.3,"4,102",12月24日,16.7↗,16.7↘,16.7↘,16.6↗,16.6↗,16.9↘,18.2↘,18.8↘,18.2↘,17.6↘
2809,京城銀,40.35,0,0,"2,840",12月24日,40↗,39.8↗,40.1↘,41↘,41.4↗,40.6↗,37.9↗,35.9↗,34.5↗,29.9↗
2816,旺旺保,19.5,-0.05,-0.26,49,12月24日,19.5↗,19.5↗,19.5↘,19.5↘,19.9↘,20.3↘,19.9↘,19.9↗,18.8↗,18.2↗
2832,台產,20.2,0.1,0.5,261,12月24日,20.1↗,20.1↗,20.1→,20↗,19.9↘,20.6→,20.3↘,20.2↗,20.1↘,20.9↘
2841,台開,4.18,0.08,1.95,440,12月24日,4.09↗,4.1↘,4.26↘,4.09↘,5.05↘,5.97↘,6.63↘,7.33↘,8.36↘,9.91↘
2855,統一證,23.05,0,0,460,12月24日,23↗,22.9↘,23↘,22.9↘,24.3↘,24↗,19.2↗,17.2↗,15.9↗,15.6↗
2891C,中信金丙特,61.3,0,0,38,12月24日,61.3→,61.3↗,61.3↘,61.3↗,61.5↘,61.5↗,62.2↘,,,
2901,欣欣,25.1,-0.1,-0.4,12,12月24日,25.1↗,25↘,25.1↘,25.2↘,26.1↘,27.2↗,25.4↗,24.9↗,25.1↘,28.4↗
2903,遠百,21.15,-0.1,-0.47,266,12月24日,21.1↘,21.1↘,21.2↘,21.9↘,22.3↘,22.7↘,23.5↘,22.4↗,19.9↗,22.9↘
2904,匯僑,25.3,0.15,0.6,31,12月24日,25.2↗,25.2↗,25.3↘,26↘,27.1↘,27.8↘,25.7↗,24.8↗,23.2↗,24.7↗
2906,高林,15.4,-0.05,-0.32,289,12月24日,15.4↘,15.5↗,15.4↘,15.4↘,15.3↘,15.5↗,14↗,12.9↗,12.2↗,12.2↗
2908,特力,21.25,0.1,0.47,153,12月24日,21.1↗,21↗,21.2↘,22.8↘,23.8↘,25↘,23.4↗,22.9↘,22.5↗,21.8↗
2923,鼎固-KY,27.1,0.05,0.18,7,12月24日,26.6↗,26.7↗,26.9↘,27↗,27↘,29.2↘,27.1↗,25.7↗,23.2↗,
2924,東凌-KY,17.7,0,0,0,12月24日,17.7→,17.7↘,17.7↗,18↘,18.3↘,19.2↘,20.9↘,25↘,34.3↘,
2926,誠品生活,59.3,0.4,0.68,11,12月24日,59.2↘,59.1→,59.1↘,59.6↗,59.5↘,65.7↘,75.6↘,92↘,112↘,
2929,淘帝-KY,12.35,-0.45,-3.52,551,12月24日,12.1↗,11.9↗,11.7↗,12.1↘,13.4↘,14.1↘,36.2↘,54↘,74.5↘,
2937,集雅社,36.4,0.05,0.14,8,12月24日,36.3→,36.3↗,36.4↘,37.6↘,37.5→,36.8↗,32.7↗,28.5↗,,
3004,豐達科,57.4,-0.1,-0.17,30,12月24日,57.1↗,57.2↘,58↘,59.2↗,58.2↘,58.1↘,59.2↘,68.9↘,62.3↗,55.5↗
3008,大立光,2445,-15,-0.61,852,12月24日,2412↗,2240↗,2127↗,2090↗,2435↘,2771↘,3352↘,3606↘,3961↘,2887↗
3022,威強電,45.7,0.05,0.11,267,12月24日,45↗,44.8↗,44.8↗,44.4↗,46.5↘,49.9↘,47.2↘,44.6↗,43.5↘,44↗
3025,星通,23.6,-0.45,-1.87,593,12月24日,24↘,23.8↗,23.5→,23.3↗,22.2↘,26.9↘,23.9↗,23↗,21.4↗,15.7↗
3026,禾伸堂,119.5,0,0,181,12月24日,118↗,118↘,120↘,117↗,123↘,124↗,117↗,113↘,106↗,69.8↗
3027,盛達,22.2,-0.2,-0.89,435,12月24日,22.3↗,22.2↘,22.7↘,23.2↘,23.2↘,23.2↗,18↗,14.7↗,13.3↗,14↗
3029,零壹,42.9,-0.35,-0.81,"1,385",12月24日,43↗,43↘,43.6↘,44.6↘,44.8↘,44.4↗,40↗,36.1↗,29.6↗,23.3↗
3030,德律,57,0.1,0.18,155,12月24日,56.9↗,56.9↘,57.1↘,56.6↗,57.1↘,57.6↗,55.9↗,54.1↗,50.8↗,49.1↗
3032,偉訓,31.95,0.05,0.16,180,12月24日,31.8↗,31.6↗,31.5↗,31.5↗,34.1↘,39↘,36.6↗,33.2↗,34.8↘,27↗
3040,遠見,38,0,0,19,12月24日,37.9↗,37.9↘,38↘,38.5↘,41.6↘,43.9↘,38.6↗,36.2↗,39↗,32.1↗
3043,科風,3.8,-0.07,-1.81,229,12月24日,3.8↗,3.79↗,3.65↗,3.73↘,3.8↘,4.09↘,3.95↗,3.46↗,3.07↗,5.02↘
3044,健鼎,123,0,0,279,12月24日,122↘,123↘,123↗,118↗,119↘,125↗,121↘,115↗,105↗,84.3↗
3045,台灣大,99.8,0.3,0.3,"2,077",12月24日,99.1↗,98.7↗,98.5↗,98.8↗,100↘,99.8↗,102↘,106↘,107↘,104↗
3052,夆典,10.6,0,0,125,12月24日,10.5↗,10.6↘,10.6↘,10.6↘,11.1↘,12↘,11.8↘,11.1↗,10.2↗,11.1↗
3055,蔚華科,28.45,-0.3,-1.04,101,12月24日,28.5↗,28.5↘,28.7↘,28.3↘,28.9↘,30.3↘,30.8↗,29.2↗,26.6↗,21↗
3064,泰偉,17.15,-1.75,-9.26,33,12月24日,17.1↗,15.6↗,14.5↗,14.7↗,16.3↘,21.3↘,20.3↗,20.5↘,19.7↘,27.9↘
3078,僑威,38.9,-0.3,-0.77,704,12月24日,38.8↗,38.5↗,39.1↘,39.4↘,43.6↘,47.6↘,39.6↗,34.9↗,33.1↗,25↗
3081,聯亞,194.5,-5.5,-2.75,280,12月24日,195↗,194↘,196↘,194↘,214↘,242↘,256↘,257↘,282↘,
3086,華義,105,-9,-7.89,257,12月24日,115↘,113↗,102↗,91.6↗,96.3↘,108↗,63.5↗,45.7↗,32.9↗,23.5↗
3092,鴻碩,53.4,0.5,0.95,"2,453",12月24日,52.5↗,52.4↗,52.7↘,55.9↘,61.8↘,64.9↘,53.3↗,51.4↗,49↗,32.7↗
3118,進階,29.9,-0.25,-0.83,36,12月24日,29.9↗,29.9↘,29.9↗,29.8↗,30.1↘,30.4↗,30.3↗,29.5↗,30.4↗,32.4↗
3131,弘塑,357,-4,-1.11,109,12月24日,355↗,356↘,362↘,359↘,380↘,372↘,337↗,271↗,230↗,201↗
3138,耀登,221,-3,-1.34,405,12月24日,225↘,231↘,226↘,213↗,210↘,246↗,,,,
3149,正達,31.55,-0.05,-0.16,672,12月24日,31.4↗,31.7↗,31.3↘,31.9↘,35.7↘,34.8↗,22.3↗,18.4↗,18.2↗,
3152,璟德,341,-5.5,-1.59,339,12月24日,343↘,344↘,347↘,350↘,394↘,449↘,403↗,351↗,333↗,236↗
3163,波若威,40.85,0.2,0.49,153,12月24日,40.6↗,41↘,41.4↘,39.8↗,41.1↘,45.3↘,48.3↘,47.3↗,45.1↘,
3171,新洲,20.8,0,0,35,12月24日,20.8↗,20.8↗,20.7↗,20.8↘,21.6↘,23.1↘,21.2↗,18.3↗,17↗,17↗
3176,基亞,56.5,-0.2,-0.35,221,12月24日,57↘,56.5↗,55↗,53.2↘,57.8↘,60.7↘,62.2↘,63↗,56.1↘,
3205,佰研,26.2,0.8,3.15,116,12月24日,25.5↗,25.6↗,25.8↘,25.8↗,26.4↘,28.5↘,34.1↘,39.9↘,55.4↘,66.6↗
3206,志豐,29.15,0.35,1.22,173,12月24日,28.8↗,28.9↘,28.8↗,28.8↘,30.8↘,33.2↘,31.7↘,30.5↗,27.5↗,23.6↗
3211,順達,100.5,1.1,1.11,409,12月24日,99.4↗,99.5↗,100↗,96.7↗,98.7↘,102↗,88.3↗,76↗,62.1↗,74↘
3218,大學光,280.5,-0.5,-0.18,68,12月24日,280↗,279↗,278↗,297↘,309↘,297↗,231↗,168↗,111↗,69.1↗
3219,倚強科,92.2,-0.7,-0.75,21,12月24日,93.4↘,93↘,92.4↗,95.7↘,118↘,107↗,66.3↗,50.9↗,37.8↗,23.6↗
3226,至寶電,65.7,1.2,1.86,12,12月24日,64.1↗,63.6↗,63.3↘,65.6↘,66.5↘,67.5↗,61.2↗,60↗,58.9↘,52.9↗
3227,原相,149,1,0.68,280,12月24日,148↗,148→,150↘,152↘,165↘,176↘,176↘,154↗,135↗,104↗
3229,晟鈦,6.38,0.1,1.59,138,12月24日,6.29↘,6.56↘,6.63↘,6.76↘,6.7↗,6.45↗,8.17↘,10.4↘,13↘,17.7↘
3231,緯創,29.1,0.15,0.52,"6,088",12月24日,29↗,29↘,29.1↘,28.9↗,28.7↘,30.1↘,29.8↘,27.8↗,26.5↗,27.3↘
3234,光環,26.7,-0.05,-0.19,147,12月24日,26.5↗,26.7↘,27↘,27↗,27.8↘,32.1↘,35.4↘,33.8↘,35.3↘,38.8↗
3236,千如,25.6,-0.5,-1.92,442,12月24日,25.6↗,25.2↗,25.1↘,24.5↗,25.6↘,26.4↗,23.2↗,23↘,29.3↗,21.7↗
3252,海灣,16.65,0,0,4,12月24日,16.6↘,16.6↘,16.8↘,17↘,17.1↘,17.3↘,16.7↗,17↘,18.7↘,22.5↘
3257,虹冠電,66.1,-0.3,-0.45,271,12月24日,66.1↗,65.6↗,66.5↘,66.7↘,71.2↘,75.9↘,71.5↗,66.7↗,59.8↗,55.6↗
3259,鑫創,32.85,1.45,4.62,536,12月24日,30.8↗,29↗,28.1↗,30.6↘,35.4↘,38↘,29.2↗,26.3↗,24.5↗,25.9↗
3272,東碩,41.35,-0.3,-0.72,166,12月24日,40.6↗,40.9↗,39.7↗,39.1↗,39.7↗,44.6↘,40.9↗,38.8↗,42.2↘,
3284,太普高,12.5,0.2,1.63,90,12月24日,12.4↗,12.3↗,12.3↗,12.4↗,12.4↘,12.8↘,12.8↘,13.2↘,15.3↘,13.4↗
3285,微端,21,-0.2,-0.94,7,12月24日,21↗,20.9↗,20.7↗,20.6↘,21.3↘,21.9↘,19.5↗,19.1↗,19.5↗,
3287,廣寰科,18.6,-0.2,-1.06,100,12月24日,18.7↗,18.6↘,18.8↗,17.3↗,17.6↘,21.3↘,18.8↗,15.2↗,12.4↗,10.7↗
3289,宜特,52,-0.6,-1.14,354,12月24日,52.4↗,52.2↘,53.5↘,52.2↗,51.5↘,52.1↘,51.9↗,48.7↗,65.7↘,62.9↗
3296,勝德,18.95,-0.15,-0.79,347,12月24日,18.5↗,18.4↗,18.3↗,18.3↘,19.8↘,20.7↗,17.3↗,16.8↗,16.7↗,17.9↘
3313,斐成,11.55,0.1,0.87,104,12月24日,11.5↘,11.6↘,11.5↗,11.5↘,11.5↘,11.6↘,12.7↘,15↘,22.4↘,16.4↘
3323,加百裕,42.3,-0.1,-0.24,425,12月24日,42.1↗,41.8↘,42.1↗,41.7↗,43.1↘,45.8↘,40.1↗,37.2↗,35.6↗,27.5↗
3325,旭品,18.45,0.1,0.54,422,12月24日,18.3↗,18.3↗,17↗,16.4↗,18.7↘,23.3↘,21.9↗,18.6↗,18↘,17.9↘
3346,麗清,44.65,-0.15,-0.33,538,12月24日,44.8↘,45.4↘,44.5↗,42.3↗,43.3↘,46.3↗,37.8↗,36.8↗,,
3356,奇偶,31.7,-0.3,-0.94,756,12月24日,31.7↗,31.4↗,30.6↗,30.9↘,34↘,31.8↗,28↗,29.4↘,32↘,73↘
3373,熱映,36.6,0.2,0.55,157,12月24日,36.4↘,36.3↘,37.1↗,36.4↘,46↘,62.4↘,72.9↗,54.2↗,40↗,35.5↗
3374,精材,137.5,-1,-0.72,610,12月24日,137↗,137↘,139↘,136↗,146↘,157↘,133↗,103↗,84.1↗,
3376,新日興,91,-1.2,-1.3,649,12月24日,91.4↘,92.3↘,93.7↘,97.6↘,104↘,113↘,127↘,122↗,107↗,96.6↗
3379,彬台,12.75,-0.25,-1.92,511,12月24日,12.8↗,12.6↗,12.4↗,12.4↘,12.6↘,13↗,11.5↗,11↗,11.3↗,20.7↘
3426,台興,38.7,0,0,3,12月24日,38.7↘,38.6↗,38.5↗,38.5↘,39↘,39.1↘,38.5→,41↘,,
3437,榮創,25.75,0.1,0.39,695,12月24日,25.4↗,25.7↗,25↗,24.5↗,25.9↘,29.1↗,24.3↗,21.5↗,24.7↗,
3450,聯鈞,55.4,-0.1,-0.18,172,12月24日,55.1↗,55.2↘,55.9↘,55.8↗,56.2↘,59.4↘,63.5↗,62.4↘,82.6↘,88.4↗
3454,晶睿,72.6,-0.1,-0.14,54,12月24日,72.3↗,72↗,71.3↗,73.2↘,75.9↘,79.8↘,78.1↘,88.4↘,88.3↘,97.3↗
3498,陽程,32.65,-0.15,-0.46,45,12月24日,32.5↗,32.7↘,32.6→,33.3↘,35.1↘,37.9↘,35.6↗,33.5↘,39.3↘,49.8↗
3501,維熹,47.85,0,0,86,12月24日,47.8↗,47.8↘,47.9↘,47.9↗,48.4↘,50.3↘,48.3↘,49.6↘,51↘,49.3↗
3518,柏騰,24.35,-0.85,-3.37,"1,405",12月24日,23.5↗,23.3↗,22.9↗,23.2↘,23.2↘,26.5↘,28.6↘,25.7↗,25.7↗,33.5↘
3522,御頂,10.1,0.05,0.5,168,12月24日,10.1↘,10.4↘,10.6↘,11.4↘,11.7↘,12↘,12.4↘,16.2↘,24.5↘,20.4↘
3530,晶相光,137,0,0,635,12月24日,136↗,136↘,139↘,140↘,163↘,144↗,118↗,108↗,,
3531,先益,22.1,-0.1,-0.45,6,12月24日,21.9↗,21.9↗,21.9↗,22↗,22.2↘,22.4↗,22.4↘,22.2↗,23.3↗,21.9↗
3536,誠創,5.94,0,0,0,12月24日,5.91↗,5.92↘,5.95↘,6.1↘,6.42↘,6.23↗,5.07↗,5.61↘,10.2↘,9.43↗
3537,堡達,36.15,0.05,0.14,98,12月24日,36.1↗,36.2↘,36.4↘,35.4↗,35.5↘,36.3↗,34.8↗,33.4↗,30↗,28↗
3540,曜越,42.7,1.6,3.89,826,12月24日,40.9↗,40.6↗,39.9↗,40↘,47.9↘,59.1↘,52↗,44↗,37.3↗,27↗
3543,州巧,26.05,-0.2,-0.76,77,12月24日,26.3↘,26.6↘,26.9↘,27.4↘,27.6↘,28.4↘,,,,
3545,敦泰,167.5,-3,-1.76,"5,223",12月24日,170↘,169↗,169↘,158↗,186↘,171↗,103↗,76.7↗,58.8↗,48.5↗
3548,兆利,62.5,-1.3,-2.04,386,12月24日,63.6↘,63.1↗,61.6↗,57.5↘,62.3↘,68.8↘,69.6↘,69.3↗,63.2↗,49.1↗
3552,同致,176.5,-4,-2.22,"1,585",12月24日,172↗,171↘,176↘,182↘,200↘,225↗,153↗,125↗,142↘,153↗
3557,嘉威,76.4,-0.5,-0.65,22,12月24日,76.9↘,77.3↘,77.3↗,77.9↘,79.5↘,85.1↘,77.4↗,60.6↗,40.8↗,23.9↗
3558,神準,98.6,-0.2,-0.2,57,12月24日,98.1↗,97.9↗,97.2↘,94.1↗,95↗,98.9↘,100↘,103↗,115↘,
3563,牧德,241.5,1,0.42,229,12月24日,238↗,235↗,234↗,232↗,245↘,257↘,287↘,314↘,285↗,169↗
3594,磐儀,21.65,0,0,313,12月24日,21.6↗,21.6↘,21.6↘,22.1↘,22.9↘,24.4↘,23.5↘,23.3↘,24.1↘,
3611,鼎翰,202,0,0,16,12月24日,199↗,199↗,200↘,204↘,213↘,210↗,203↘,218↘,223↘,211↗
3617,碩天,69.8,-0.2,-0.29,23,12月24日,70.1↗,69.6↗,69.6↗,72.5↘,75.6↘,80↘,82.9↘,85.6↘,89↘,79.8↗
3622,洋華,28.3,0.1,0.35,129,12月24日,28.2↗,28.3↘,28.8↘,29.1↘,29.2↘,31.8↘,26.9↗,23.8↗,20.6↗,27.6↘
3623,富晶通,16.1,-0.15,-0.92,22,12月24日,16.1↗,16.2↗,15.9↗,16↘,15.8↗,16.4↗,16.4↘,19.2↘,27.9↘,31.3↘
3629,地心引力,49,0,0,1,12月24日,49.2↘,48.8↘,53.6↘,56.3↘,58.1↘,52.3↘,60.8↘,50.6↗,39.7↗,27.4↗
3630,新鉅科,39.55,-0.5,-1.25,524,12月24日,39.3↗,38.6↗,38.3↘,39↘,41↘,46.6↘,50.6↘,65.8↘,57.6↗,52.3↘
3631,晟楠,47.55,-0.15,-0.31,10,12月24日,47.8↗,47.1↗,47↘,48↘,47.8↘,50.3↘,47.5↗,40.4↗,34.8↗,33.4↘
3642,駿熠電,9.72,0.02,0.21,38,12月24日,9.67↘,9.7↗,8.81↗,9.49↗,10.6↘,12.7↘,14.8↘,14.7↘,16.7↘,21.1↘
3645,達邁,42.5,-1.2,-2.75,523,12月24日,42.4↗,42↗,42.3↘,41.5↗,44.1↘,48↘,47.7↘,48.6↘,51.7↗,43↗
3652,精聯,22.15,0.15,0.68,222,12月24日,22↗,21.9↘,22.1↘,24.3↘,23.8↗,22.2↗,20.1↗,18.9↗,20.4↗,20.5↗
3664,安瑞-KY,9.03,0.06,0.67,70,12月24日,9→,9.03↘,9.1↘,8.73↗,9.05↘,10.4↘,11.1↘,11.3↘,13.4↘,17.3↘
3665,貿聯-KY,254,1.5,0.59,754,12月24日,250↗,247↗,250↘,254↗,248↘,256↗,234↗,226↗,223↗,165↗
3666,光耀,34.3,0.5,1.48,335,12月24日,33.8↗,33.7↗,33.6↗,30.4↗,33↘,45.3↘,35.5↗,29.2↗,26.6↗,
3669,圓展,61.2,2,3.38,"14,882",12月24日,55.1↗,52.5↗,52.4↗,51.1↗,59↘,70.1↘,63.5↗,48.1↗,36.9↗,29↗
3673,TPK-KY,42.8,-0.15,-0.35,998,12月24日,42.8↗,42.4↗,41.6↗,40.5↗,40.9↘,44.2↘,45.6↘,48.6↘,61↘,159↘
3679,新至陞,88.4,-0.8,-0.9,46,12月24日,88.8↘,88.9↘,87.6↗,83.2↗,91.3↘,111↘,94.3↗,80.6↗,78.3↗,65.3↗
3682,亞太電,8.19,0,0,"1,945",12月24日,8.19↗,8.19↘,8.23↘,8.27↘,8.27↘,8.87↘,8.36↗,7.92↗,8.42↘,
3686,達能,15.85,-0.1,-0.63,433,12月24日,16.1↗,16↘,15.8↗,16.1↘,17.1↘,17.1↘,13↗,9.43↗,8.16↗,10.3↘
3702A,大聯大甲特,49.5,-0.1,-0.2,78,12月24日,49.6↘,49.6↘,49.7↘,49.6↗,49.5↘,49.8↘,49.9↘,,,
3705,永信,42.8,0.05,0.12,136,12月24日,42.8→,42.8↘,43.1↘,43.3↘,43.2↘,43.5↘,44.2↗,43.3↗,42.7↘,45.6↘
3708,上緯投控,92.3,-0.7,-0.75,666,12月24日,94.8↘,92.7↗,91↗,96.6↗,97.5↘,117↘,112↗,103↗,94.2↗,
3711,日月光投控,105,1.5,1.45,"10,515",12月24日,103↗,103↗,104↗,102↘,111↘,108↗,88.4↗,81.5↗,,
3713,新晶投控,36.15,-0.55,-1.5,96,12月24日,36.8↘,37↘,36.3↗,35.4↗,35.8↘,41.5↘,,,,
4102,永日,19.65,-0.3,-1.5,61,12月24日,19.8↘,19.8↘,19.9↘,19↗,19.3↘,21.7↘,23↗,20.9↗,19.1↗,23.4↘
4105,東洋,68.5,-0.3,-0.44,502,12月24日,68.8↘,68.8↘,68.9↘,68.8↘,74↘,73.7↘,73.3↘,75.9↘,84.1↘,90.6↘
4106,雃博,28.6,0.05,0.18,241,12月24日,28.7↘,28.7↘,29↗,27.5↗,30↘,31↗,30.4↗,28.7↗,29↘,33.8↘
4107,邦特,115,0,0,62,12月24日,114↗,113↗,112↗,109↗,109↘,116↘,123↘,122↗,113↘,93.8↗
4108,懷特,23.3,0.25,1.08,517,12月24日,23.1↗,23.2↘,23.2↘,22.6↗,22.5↘,24.4↘,23.5↗,22.2↗,23.4↘,30.1↘
4109,加捷生醫,13.4,-0.05,-0.37,30,12月24日,13.4↘,13.5↘,13.5↘,13.3↗,13.4↘,14.7↘,15.5↘,16.6↗,16.7↘,19.6↘
4114,健喬,23.4,0,0,358,12月24日,23.5→,23.5↗,23↗,23↘,24.1↘,24.8↘,24.5↘,25.4↘,26.9↘,31.6↘
4116,明基醫,27.65,0.05,0.18,3,12月24日,27.6↗,27.7↘,27.9↘,27.4↘,28.5↘,31.4↘,32↘,33.3↘,34.3↘,
4119,旭富,82.8,-1.7,-2.01,675,12月24日,81.1↗,79.9↗,79.3↗,78.6↗,83↘,86.6↘,105↘,102↗,88.1↗,78.8↗
4120,友華,36,-0.2,-0.55,69,12月24日,36.1↘,36.2↘,37.4↘,39↘,39.9↘,42.8↘,46.6↘,50.2↘,57.7↘,60.1↘
4121,優盛,20.75,0,0,380,12月24日,20.7↘,20.7↘,20.8↗,19.8→,21.7↘,22↘,19.9↗,17↗,15.1↗,15↗
4123,晟德,61,-1.6,-2.56,"2,792",12月24日,61.6↗,61.4↘,61.6↘,61.4↘,64.9↘,66.1↘,64.5↗,67.3↘,64.9↗,64.1↗
4129,聯合,30.25,0,0,102,12月24日,30.2↗,29.8↗,29.7↗,29.9↘,30.9↘,32.5↘,34↘,38.2↘,47.5↘,48.9↘
4129A,聯合甲特,45.8,-0.05,-0.11,5,12月24日,45.9→,45.9↘,46↘,46.2↘,47.2↘,47.7↘,48.1↘,,,
4130,健亞,25.25,-0.75,-2.88,592,12月24日,25.8↗,24.5↗,23.2↗,22.5↗,23.6↘,25.5↘,28↘,27.9↘,30.8↘,
4131,晶宇,6.42,0.23,3.72,48,12月24日,6.18↗,6.2↘,6.57↘,6.16↗,6.33↗,6.45↘,6.77↗,6.57↘,7.26↗,9.72↘
4133,亞諾法,40.9,-0.3,-0.73,273,12月24日,41.2↘,41↘,41.2↗,38.9↘,45.1↘,51.4↘,55.3↗,46.5↗,42.3↗,41.4↘
4139,馬光-KY,43.9,-0.2,-0.45,3,12月24日,44.1↘,44.1↘,44.4↘,46.7↘,49.2↘,52.5↘,50.2↗,47.4↘,50.1↗,63.4↘
4142,國光生,44.25,-0.15,-0.34,598,12月24日,44.5↘,44↘,44.6↘,44.9↘,47.7↘,51.1↘,51.2↗,41.6↗,33.2↗,
4147,中裕,70.4,-1.1,-1.54,630,12月24日,71.9↘,72.6↘,71.7↘,70.2↘,67.3↗,70.9↘,80.9↘,105↘,147↘,
4155,訊映,23.35,0.1,0.43,84,12月24日,23.3↘,23.3↗,23.2↗,23.3↘,23.4↘,24.6↘,27.1↘,28.1↘,,
4157,太景*-KY,15.4,-0.2,-1.28,881,12月24日,15.7↘,15.8↘,15.4↗,15.6↘,17↘,19↘,19.9↘,19.2↘,20.5↘,
4163,鐿鈦,85.7,0.1,0.12,18,12月24日,85.5↘,85.6↗,85.5↘,85.4↘,85.6↘,88.2↘,101↘,108↘,109↘,
4167,松瑞藥,18.75,-0.05,-0.27,278,12月24日,18.8↗,18.7↘,19.1↘,19.5↘,21.8↘,25.9↘,27.6↘,24.7↗,24.8↘,
4171,瑞基,86.4,0.5,0.58,154,12月24日,86.6↘,86.7↘,89↗,85.4↘,103↘,117↘,148↗,113↗,76.1↗,
4173,久裕,17.95,-0.05,-0.28,57,12月24日,18.1↘,18.1↘,18.2↘,18↘,19.4↘,21.3↘,21.5↘,20.4↗,20↘,
4174,浩鼎,114,-0.5,-0.44,386,12月24日,116↘,117↘,113↗,108↗,107↗,118↘,115↘,127↘,155↘,
4175,杏一,69.5,0.1,0.14,14,12月24日,69.3↗,69.3↘,70↘,71.5↘,75.4↘,73↘,72↘,70.7↗,69.2↘,
4183,福永生技,18.15,-0.1,-0.55,3,12月24日,18.2↘,18.2↘,18.3↗,18.4↘,18.9↘,20.1↘,20.2↘,19↗,,
4190,佐登-KY,72.8,0.6,0.83,23,12月24日,72.3↗,72.2↗,72.6↘,74.1↗,74↘,80.7↘,84.2↘,92↘,88.6↘,
4192,杏國,31.9,-0.9,-2.74,231,12月24日,32.5↘,33.6↘,33↘,67.8↘,71.9↘,60.7↘,54.6↗,45.9↗,38.9↗,
4198,欣大健康,5.92,-0.01,-0.17,4,12月24日,6.03↘,6.06↗,5.93↘,6.18↘,6.22↗,6.86↘,6.46↗,6.13↘,9.39↘,
4305,世坤,32.2,0.3,0.94,6,12月24日,32↗,31.9↗,32↘,32.3↗,32.4↘,32.7↗,33.2↘,34.4↘,33.6↗,29.8↗
4306,炎洲,15.2,-0.05,-0.33,640,12月24日,15.2↗,15.1↗,15.1↘,15.2↘,16.4↘,16.5↘,14.5↗,14↗,14.2↗,16.5↘
4401,東隆興,35.6,0.1,0.28,68,12月24日,35.2↗,35↗,34.6↗,34.6↘,37.3↘,36.2↗,32.5↘,36.3↘,49.3↘,62.7↗
4413,飛寶企業,11.7,0,0,24,12月24日,11.8↘,11.7↗,11.7↘,11.9↘,12.1↘,13.2↘,14.1↘,13.5↘,13.2↘,11.1↗
4414,如興,7.11,0.23,3.34,"7,003",12月24日,6.85↗,6.84↗,7.02↘,7.69↘,8.08↘,9.07↘,10.2↘,11.2↘,13.6↘,14.2↘
4417,金洲,34.55,0,0,30,12月24日,34.6↘,34.8↘,35↘,34.8↘,35.5↘,35.7↗,33.6→,34.6↘,35.2↘,30.4↗
4419,元勝,9.91,0,0,0,12月24日,9.87↗,9.91↘,9.96↘,10.7↘,10.5↘,10.7↘,8.98↗,8.64↗,8.53↗,8.19↘
4426,利勤,21.7,0.15,0.7,176,12月24日,21.5↗,21.8↘,21.9↘,20.3↗,20.6↘,23.4↘,28.2↘,37.4↘,47.2↘,58.5↗
4432,銘旺實,14.3,-0.15,-1.04,48,12月24日,14.3↘,14.4↗,14.5↘,15.3↘,15.1↘,15.5↘,15.7↘,19.2↘,26↘,
4433,興采,31.2,0.35,1.13,32,12月24日,30.9↗,31↘,31.2↘,31.8↘,33.3↘,36.7↘,36.9↘,36.5↗,31↗,
4439,冠星-KY,134.5,0,0,3,12月24日,134↗,133↗,135↘,138↘,143↘,148↘,145↘,,,
4502,健信,39.8,0.2,0.51,11,12月24日,39.8↗,39.8↘,40.1↘,40.6↗,40.3↘,42.2↘,47.4↘,48.2↘,57.8↘,35.2↗
4527,方土霖,27.4,0.1,0.37,21,12月24日,27.3↘,27.4↗,27.3↘,27.4↘,28↘,28.7↘,27.2↗,27.3↘,28.9↘,26.2↗
4528,江興鍛,41.6,-0.6,-1.42,23,12月24日,41.6↗,41.5↗,41.3↗,41.3↗,42.3↘,46↘,44↘,46.5↘,53.3↗,45.3↗
4530,宏易,10.2,0,0,51,12月24日,10.1↗,10.1↗,10.1↗,8.83↗,8.8↗,10.8↘,11↗,9.63↗,8.98↗,6.54↗
4532,瑞智,19,0.05,0.26,201,12月24日,18.9↗,18.8↗,18.9↗,18.8↗,19.3↘,20.2↘,19.8↘,21.4↘,25.1↘,26.5↘
4534,慶騰,12.45,-0.25,-1.97,327,12月24日,12.7↘,12.8↘,12.8↘,12.3↘,13↘,12.7↗,10.1↗,9.87↗,13.8↘,14.5↗
4535,至興,33.95,0,0,0,12月24日,34.2↘,34.2↘,34.1↘,33.6↘,34.1↘,34↗,29.9↗,30.2↗,34.8↘,39.6↘
4536,拓凱,139.5,0,0,29,12月24日,139↗,139↘,140↗,135↗,138↘,150↘,145↗,143↗,124↗,
4540,全球傳動,47.8,-0.15,-0.31,110,12月24日,47.9↘,48.1↘,48↘,48↗,49.7↘,53.4↘,51.3↘,55.7↘,,
4550,長佳,22.9,0,0,9,12月24日,23→,23↘,23↘,22.9↘,23.4↘,23.7↗,24.3↘,22.8↗,21.6↗,
4552,力達-KY,31.9,-0.05,-0.16,51,12月24日,31.9↗,31.9↘,31.9↗,30.9↗,30.3↗,31.9↘,33.5↘,39.4↘,61.8↘,
4555,氣立,51.7,-0.9,-1.71,19,12月24日,51.9↗,51.7↗,51.7↘,52.6↘,54.6↘,54.1↗,51.9↗,53.1↘,58.1↘,
4556,旭然,31.7,0.1,0.32,2,12月24日,31.5↗,31.2↗,30.7↗,31↘,31.6↘,32.7↘,33.7↘,33.5↘,32.7↘,
4560,強信-KY,41.75,-0.05,-0.12,124,12月24日,41.8↘,41.8↘,42↘,42.3↘,42.3↘,42.3↘,43.6↘,46.4↘,,
4561,健椿,28.15,-0.3,-1.05,63,12月24日,28.2↘,28.3↘,28.3↘,28.5↘,28.8↘,29.4↘,27.1↗,26.7↗,,
4562,穎漢,16.8,-0.05,-0.3,57,12月24日,16.8↘,17↘,17.2↘,17.6↘,18.5↘,20↘,19.2↘,23.6↘,,
4563,百德,31,0.45,1.47,10,12月24日,30.6↗,30.5↗,30.2↗,30.8↗,30.2→,31↗,33.9↘,40.2↘,,
4566,時碩工業,45.3,0.15,0.33,75,12月24日,45.5↘,46.1↗,45.3↘,43.7↘,45.2↘,50.4↘,45.1↘,45.6↗,,
4568,科際精密,66.8,0,0,2,12月24日,65.9↗,65.4↗,64.7↗,65↗,66.5↘,68.3↘,65.1↗,66.2↘,,
4571,鈞興-KY,100,-0.5,-0.5,68,12月24日,100→,100↘,100↗,98.7↘,112↘,120↗,92↗,,,
4576,大銀微系統,111,0,0,66,12月24日,110↗,109↗,107↗,105↗,108↘,119↗,98.2↗,,,
4580,捷流閥業,89.7,0.1,0.11,28,12月24日,89.3↗,89→,89.3↗,87.7↗,88.3↘,91.8↘,,,,
4581,光隆精密-KY,35.55,0.45,1.28,4,12月24日,35.3↗,35.4↗,35.5↘,35.3↘,36.4↘,37.1↘,,,,
4707,磐亞,12.6,0.1,0.8,736,12月24日,12.5↗,12.4↗,12.5↘,12.9↘,13.1↘,12.7↗,12.1↗,11.4↗,10.9↗,10.2↗
4716,大立,15.15,0.05,0.33,213,12月24日,15↗,15↗,14.9↗,14.6↗,14.7↘,15.2↘,14.9↗,15.2↘,17.5↗,16.4↘
4720,德淵,15.2,0.1,0.66,309,12月24日,15.2↗,15↗,14.6↗,14.7↗,14.5↗,15.2↗,14.5↗,14.3↗,14.2↗,14.7↗
4726,永昕,38,-2,-5,"1,452",12月24日,39↘,38.7↘,38.8↘,36.6↘,39↘,38.2↗,36↗,31.9↗,30.5↗,
4735,豪展,57,-0.1,-0.18,46,12月24日,57.1↗,56.8↗,56.8↗,56.8↘,60.9↘,75.5↘,81.1↗,68.2↗,57.9↗,39.6↗
4736,泰博,176.5,-1,-0.56,165,12月24日,178↘,177→,175↗,173↘,193↘,192↘,197↗,181↗,155↗,119↗
4745,合富-KY,26.75,-0.55,-2.01,51,12月24日,26.7↗,26.8↘,26.1↗,24.7↗,25.3↘,27.3↘,30.5↘,35.3↘,38.8↘,
4746,台耀,58.5,0,0,613,12月24日,58.6↗,58.2↗,57.5↗,58.5↘,63.7↘,62.2↗,55.1↗,49.7↗,57.3↘,62.2↘
4747,強生,35.2,0.05,0.14,4,12月24日,35.3↘,35.5↘,35.4↘,35.6↘,35.8↘,36.5↘,38.3↘,38.8↘,38.6↘,
4754,國碳科,37.5,-0.05,-0.13,22,12月24日,37.6↘,37.5↗,37.7↘,37↗,37.4↘,39.2↘,43.9↘,47.6↘,46.7↘,
4760,勤凱,93.2,0.1,0.11,99,12月24日,92.7↗,92.9↘,95.1↘,98.3↘,108↘,112↗,91.6↗,,,
4763,材料-KY,103.5,1,0.98,105,12月24日,101↗,103→,102↗,100↗,101↘,112↘,118↘,124↘,133↘,
4764,雙鍵,59.9,0.4,0.67,18,12月24日,59.8↗,59.7↘,60↘,58.4↗,59.4↘,61↘,62.6↘,67.1↘,,
4766,南寶,140,1,0.72,36,12月24日,139↗,139↗,139↗,138↗,142↘,149↘,143↘,145↗,,
4804,大略-KY,8.26,0.01,0.12,90,12月24日,8.15↘,8.13↗,8.15→,8.47↘,8.99↘,10.9↘,10.8↘,12.3↘,24.6↘,
4907,富宇,24.9,-0.1,-0.4,6,12月24日,25↘,25→,25.2↘,25↘,24.6↗,25.1↘,25.9↘,25↗,24.8↗,17.3↗
4909,新復興,22.55,-0.05,-0.22,181,12月24日,22.6↘,22.9↗,22.6↘,22.3↗,23.1↘,23.6↗,20↗,20.2↗,19.9↗,25.2↘
4911,德英,27.8,0.95,3.54,79,12月24日,27.1↗,27↗,27.4↗,27.4↗,26.1↘,28↘,31.9↘,35.7↘,43.5↘,63.4↘
4912,聯德控股-KY,160,1,0.63,245,12月24日,157↗,157↘,162↘,159↘,167↘,165↗,134↗,134↘,147↗,106↗
4924,欣厚-KY,14.7,0.1,0.68,10,12月24日,14.6↗,14.7↘,14.6↗,14.1↗,14.1→,16.1↗,12.7↗,11.5↗,10.6↗,18.8↘
4931,新盛力,20.45,0,0,67,12月24日,20.6↘,20.7↘,20.2↗,19.3↗,20.1↗,20.8↘,24↘,,,
4933,友輝,37.9,0.1,0.26,69,12月24日,37.7↘,37.6↗,36.4↗,34.1↗,35.3↘,38.3↘,32.3↗,30.7↗,27.6↗,49.2↘
4935,茂林-KY,81,0.4,0.5,311,12月24日,79.6↗,78.7↗,79.1↗,78.7↗,82.7↘,92.8↘,107↘,90.2↗,72.1↗,59.1↗
4938,和碩,68.7,0,0,"3,047",12月24日,68.6↗,68.2↗,67.6↗,67.7↗,67↘,70.1↗,67.1↘,63↗,68.2↘,63.2↗
4939,亞電,21,0,0,191,12月24日,20.8↗,20.8↗,20.6↗,20.1↗,21.6↘,22.2↗,18.5↗,18.6↗,18.2↗,17.1↘
4943,康控-KY,33.35,0.2,0.6,684,12月24日,33.2↘,33.4↘,34.7↘,45.9↘,56.8↘,65.7↘,90.5↘,109↘,153↘,
4950,牧東,19.6,0.05,0.26,322,12月24日,19.7↗,19.6↘,19.6↗,19↗,19.3↘,22.2↘,15.8↗,14.3↗,15.9↗,
4953,緯軟,85.5,0.2,0.23,53,12月24日,85.2↗,85↘,85.1↘,85↘,89.1↘,93.6↘,90.2↘,95.9↗,71.7↗,
4958,臻鼎-KY,101,0.5,0.5,945,12月24日,99.1↗,98.5↗,98.6↘,97.8↗,99.5↘,105↘,114↘,111↗,94.6↗,
4967,十銓,47.75,-0.2,-0.42,"1,858",12月24日,47.7↘,48.1↗,46.4↗,44.5↘,53↘,53.3↗,45.1↗,,,
4968,立積,275.5,-1,-0.36,"1,443",12月24日,283↘,276↗,272↘,272↗,335↘,431↘,320↗,249↗,182↗,
4972,湯石照明,31.7,0,0,7,12月24日,31.7→,31.6↘,31.7↗,31.2↗,31.1↘,31.8↗,30.4↘,30.9↘,32.1↘,
4973,廣穎,24.8,-0.1,-0.4,89,12月24日,24.8↘,24.9↘,24.8↗,23.9↗,25.1↘,25.4↗,25.6↗,22.8↗,21.2↗,
4974,亞泰,53.8,-0.1,-0.19,86,12月24日,53.7↗,53.6↘,53.8↗,54↘,56.3↘,56↗,54.6↘,51.5↗,49.2↗,
4976,佳凌,68.8,-0.9,-1.29,"1,092",12月24日,69.8↘,69.5↘,70.6↘,67.3↗,71.5↘,80.4↗,55.2↗,47.7↗,44.6↗,
4977,眾達-KY,85,-0.2,-0.23,43,12月24日,85.2→,85↗,84.9↘,82.9↗,82.7↘,94↘,104↘,100↗,96.9↗,
4979,華星光,18.55,0,0,131,12月24日,18.4↗,18.4↘,18.6↘,17.9↗,18.2↘,20.3↘,22.2↘,22.4↘,25.1↘,
4987,科誠,52.2,-0.1,-0.19,10,12月24日,52.3→,52.2↗,52.2↗,51.5↗,54.7↘,54↗,52.4↘,54.9↘,56.2↗,
4994,傳奇,60.4,-1,-1.63,873,12月24日,63.7↘,62.3↗,57.1↗,55.2↗,56.3↘,64.4↘,65.6↘,70.1↗,64.5↘,
4999,鑫禾,40.8,0.2,0.49,144,12月24日,40.8↘,41→,41↘,41.5↘,42.4↘,47.4↘,45↘,45.2↘,47.6↘,
5007,三星,57,0,0,3,12月24日,56.7↗,56.4↗,56.6↘,58↘,58.1↘,57.7↗,52.3↗,52.3↗,53.4↗,57.6↗
5201,凱衛,27.3,0.6,2.25,181,12月24日,26.8↗,26.7↗,26.5↗,26.2↗,27↘,30.5↘,31.3↘,30.3↘,28.3↘,20.8↗
5202,力新,18.85,-0.3,-1.57,70,12月24日,19↗,18.9↘,19↗,20.3↘,19.9↘,20.7↘,17.6↗,17.5↗,20.4↗,15.6↗
5203,訊連,89.2,-0.5,-0.56,72,12月24日,89.7→,89.9↘,90.4↘,89.7↗,85.2↗,90.3↘,101↘,94.7↗,83.5↗,83.9↗
5205,中茂,11.2,0,0,0,12月24日,11.2→,11.2↗,11.3↘,11.8↘,14.8↘,13↗,10.7↗,10.8↘,11.9↘,13↘
5206,坤悅,15.3,0,0,47,12月24日,15.3↘,15.4↘,15.6↘,16.2↘,16.8↘,17.5↘,17↘,17↗,14.4↗,14.2↗
5212,凌網,45.9,0,0,0,12月24日,46.3↘,46.5↘,47.1↘,47.2↘,50.9↘,54.7↘,51.2↗,43.8↗,35.7↗,26.2↗
5215,科嘉-KY,79.7,-1.3,-1.6,482,12月24日,78.5↗,78.1↗,78.1↗,73.7↗,81.2↘,105↘,107↗,86.4↗,63.1↗,
5220,萬達光電,35.15,0.05,0.14,48,12月24日,34.7↗,34.7↘,34.9↘,36.2↘,37.9↘,39.7↘,38.3↗,36.6↗,,
5223,安力-KY,61.2,-0.5,-0.81,149,12月24日,61↗,60.3↗,58.9↗,52.3↗,53.9↗,65.7↘,57.4↗,52↗,,
5225,東科-KY,21.6,0.35,1.65,112,12月24日,21.3↘,21.9↘,21.6↗,20.4↗,20.3→,21.7↘,26.2↘,31.2↘,29.9↘,
5263,智崴,121.5,-1.5,-1.22,237,12月24日,123↘,124↘,128↘,128↗,126↘,124↗,122↘,143↘,172↘,
5276,達輝-KY,15.9,0.05,0.32,13,12月24日,15.9↘,15.9↗,15.9↘,16.1↗,15.9↗,16.8↗,13.8↗,13.3↗,16.1↘,
5281,大峽谷-KY,22.9,0,0,12,12月24日,22.8↘,22.7↗,22.2↗,21↗,21.8↗,23.3↘,23.3↘,26.5↘,35.1↘,
5283,禾聯碩,118,0,0,43,12月24日,118↗,118→,117↗,115↗,116↘,122↗,112↗,,,
5301,寶得利,8.54,-0.14,-1.61,10,12月24日,8.65↘,8.65↗,8.66↘,8.87↘,9.31↘,9.63↘,10.4↘,13.7↘,19.1↘,25.8↗
5306,桂盟,195.5,0,0,40,12月24日,195↘,197↘,199↘,202↘,213↘,212↗,177↗,153↗,144↗,124↗
5312,寶島科,60,0,0,33,12月24日,60↘,60.2↗,60.4↗,58.9↗,60.2↘,60.7↗,61.6↘,61.9↗,63.9↘,74.9↘
5324,士開,9.58,0.06,0.63,109,12月24日,9.54→,9.54↗,9.55↗,9.47↗,9.61↘,10↘,9.63↘,9.82↘,10.7↘,18.7↘
5328,華容,14.45,-0.15,-1.03,564,12月24日,14.4↗,14.4↘,14.5↘,14.9↘,15.8↘,14.9↗,11.8↗,10.5↗,10.5↗,8.72↗
5340,建榮,36.9,0.1,0.27,109,12月24日,36.7↘,37.1↘,37.8↘,39.5↘,40.2↗,37.8↗,39.2↘,38.5↗,27↗,15.9↗
5345,天揚,5.6,0.02,0.36,10,12月24日,5.56↗,5.48↗,5.54↘,5.66↘,5.88↘,6.51↘,7.14↘,6.8↘,7.45↘,7.52↗
5386,青雲,53.6,-4.8,-8.22,"2,805",12月24日,52.7↗,50.6↗,49.3↗,46.8↗,46.1↗,55.4↘,43.5↗,41.3↗,42.9↗,32.9↗
5388,中磊,68.4,-1.3,-1.87,"1,779",12月24日,68.2↗,68.5↘,67.7↗,65.5↗,65.5↘,68.6↘,71.8↘,71.6↗,72.7↘,65.5↗
5392,能率,26.1,0.85,3.37,"1,024",12月24日,25.3↗,25.4↗,25↗,25↗,25.4↘,26.3↗,25.8↘,28.6↘,36.7↘,46.6↘
5439,高技,60.7,-0.3,-0.49,326,12月24日,60.8↘,61↗,60.7↘,61.9↘,64.8↘,62.4↗,52.8↗,49.7↗,43.5↗,32.5↗
5443,均豪,33.4,0.35,1.06,727,12月24日,33.1↗,33.1↘,34.1↘,33.2↗,35.7↘,38.3↘,30.7↗,27.7↗,26.2↗,19.3↗
5457,宣德,79,-1.6,-1.99,"1,555",12月24日,77.7↗,77↗,76.9↗,80.2↘,80.9↘,82↘,85.5↘,78.7↗,64.9↗,43.3↗
5465,富驊,16.15,0,0,58,12月24日,16.2↗,15.9↗,15.6↗,14.8↗,15.5↘,17.1↘,16.4↗,16.3↘,18.5↗,14.2↗
5474,聰泰,109,0.5,0.46,40,12月24日,108↗,108↘,112↘,109↘,126↘,156↘,160↗,132↗,104↗,74↗
5478,智冠,97,-0.6,-0.61,715,12月24日,101↘,99.2↗,96.2↗,92.8↗,95.7↘,101↗,96↗,88.6↗,82.6↗,76.4↗
5481,新華,13.2,-0.05,-0.38,91,12月24日,13.2↘,13.2↗,13.1↗,13.1↘,12.9→,13.3↘,13.7↘,15.2↘,17.5↘,15.1↗
5487,通泰,35.4,-0.05,-0.14,5,12月24日,35.1↗,35↗,35.2↘,35.7↘,37.4↘,37.8↘,36.1↘,35.3↗,32↗,26.5↗
5498,凱崴,14.1,-0.05,-0.35,418,12月24日,13.9↗,14↘,13.9↘,14.4↘,15.9↘,16.4↘,13.9↗,12.7↗,12↗,10.4↗
5511,德昌,29.8,0,0,16,12月24日,29.8↗,29.7↗,29.7↘,29.4↗,29.4↘,30.1↘,29.9↘,29.4↗,26↗,26.7↗
5512,力麒,9.35,-0.01,-0.11,545,12月24日,9.31↗,9.31↘,9.34↘,9.22↗,9.24↘,9.67↘,9.65↘,9.64↗,9.66↗,11.1↘
5514,三豐,21.05,0.3,1.45,18,12月24日,21↘,21.2↘,21.3↘,21.5↘,21.8↘,21.3↗,20.1↗,18.6↗,15.8↗,17.1↘
5516,雙喜,14.05,0.05,0.36,45,12月24日,13.9↗,13.9↗,13.8↗,14.2↘,14.3↘,14.4↘,14.5↗,14.3↗,12.6↗,12.5↘
5521,工信,8.39,0,0,623,12月24日,8.39↘,8.42↘,8.44↘,8.54↘,9.07↘,9.64↘,9.68↘,9.02↘,10.1↘,10.7↘
5530,龍巖,44.6,0.1,0.22,356,12月24日,43.8↗,43.7↗,43.9↘,44.7↘,46.3↘,49↘,53↘,55.7↘,58.9↘,70.1↘
5531,鄉林,10.95,-0.05,-0.45,338,12月24日,10.9↗,10.9↘,11↘,11.1↘,11.4↘,12.7↘,11.5↗,11.1↗,11.1↘,15.3↘
5534,長虹,72.1,0,0,120,12月24日,71.9↗,71.8↘,72.6↘,74↘,76.7↘,78.7↘,80.6↘,81.8↘,79.8↗,75.6↗
5546,永固-KY,58.3,-0.2,-0.34,20,12月24日,58.3↘,58.4↘,59↘,61.7↘,65.7↘,72.7↘,,,,
5604,中連,77.9,0,0,22,12月24日,77.7↗,77.8↘,77.7→,77.5↗,80.9↘,81.8↗,68.6↗,57.6↗,46.9↗,39.4↗
5704,老爺知,29.75,-0.25,-0.83,21,12月24日,30↘,29.9↘,29.9↘,30.2↘,31.5↘,32.2↘,29.9↗,27.8↗,26.1↗,26.3↗
5820,日盛金,12.35,-0.05,-0.4,229,12月24日,12.4↘,12.4→,12.4→,12.6↘,12.8↘,12.7↗,11.3↗,10.8↗,9.72↗,8.94↗
5864,致和證,15.5,0.1,0.65,199,12月24日,15.4↗,15.3↗,15.3↗,15↘,16.3↘,17.1↗,13.1↗,12.1↗,,
5878,台名,47.2,0,0,7,12月24日,47↗,47.1↘,47.1↘,47.1↘,47.4↘,47.6↗,46.8↗,46.2↗,46↗,
5903,全家,247.5,-0.5,-0.2,47,12月24日,248↘,249↘,250↘,256↘,259↘,261↘,251↗,241↗,223↗,202↗
5904,寶雅,430.5,-10.5,-2.38,285,12月24日,442↘,458↘,475↘,490↘,510↘,546↘,542↗,490↗,436↗,322↗
5906,台南-KY,39.95,-0.55,-1.36,1,12月24日,39.1↗,38.8↗,38.9↗,36.7↗,35.4↗,40.3↘,32.7↗,25.9↗,19.2↗,14.3↗
5907,大洋-KY,18,0,0,79,12月24日,17.9↗,17.8↗,17.9↘,18.4↘,19.7↘,20.2↘,21.6↘,25.2↘,25.6↘,
6015,宏遠證,17,0,0,636,12月24日,16.9↗,16.8↗,16.7→,16.5↘,18.9↘,17.9↗,12.5↗,10.5↗,9.14↗,8.39↗
6016,康和證,14.05,-0.05,-0.35,956,12月24日,14.1→,14.1→,14↘,12.9↗,13.7↘,14.8↗,11.6↗,10.2↗,9.22↗,8.21↗
6021,大慶證,21,-0.2,-0.94,16,12月24日,21.2↘,21.3↘,21.2↘,21.4↘,21.7↘,21.4↗,18.2↗,16↗,13.7↗,12.8↗
6023,元大期,49.65,0,0,44,12月24日,49.6↗,49.6↗,49.6↘,49.4↗,49.5↘,50.6↘,52.1↘,51.3↗,47.2↗,41.2↗
6024,群益期,38.95,-0.05,-0.13,97,12月24日,38.8↗,38.7↗,38.6↗,38.6↗,38.9↘,39.5↗,39.2↘,41.2↘,43.3↗,35.5↗
6101,寬魚國際,20.7,0.05,0.24,48,12月24日,21.7↗,20.6↗,20↗,19.9↗,19.6↗,20.7↘,24.1↘,33↘,37.6↗,27.1↗
6109,亞元,11.15,-0.15,-1.33,112,12月24日,11.1→,11.2↗,10.8↗,10.2↗,10.8↘,11.6↘,11.8↗,11.2↗,11.6↘,11.7↗
6112,聚碩,38.9,0.05,0.13,95,12月24日,38.8↗,38.8↘,38.8↘,38.6↘,39.4↘,41.2↘,39.8↗,37.8↗,34.9↗,32.4↗
6114,久威,23,0,0,28,12月24日,23↘,23↘,23↘,22.9↗,23.3↘,24.4↘,24.6↘,30.2↘,39.2↘,35.6↗
6115,鎰勝,42.7,-0.05,-0.12,54,12月24日,42.7↗,42.6↗,42.6↗,42.4↗,42.8↘,43.1↗,42.8↘,42.5↗,43.3↘,42.2↗
6121,新普,326,0,0,341,12月24日,322↗,324↘,327↗,307↗,321↘,341↘,329↗,303↗,241↗,193↗
6124,業強,25,0.05,0.2,3,12月24日,24.9↗,24.7↗,25.2↘,26↗,26.1↘,27.6↘,30.3↘,31.5↗,28.9↘,27.1↘
6139,亞翔,29.15,0.7,2.46,868,12月24日,28.5↗,28.3↗,28.3↗,28.6↗,29.6↘,30.2↗,29.1↗,28.4↗,30.6↗,28.4↗
6142,友勁,11.4,0,0,514,12月24日,11.3↗,11.2↗,11.2↘,11.6↘,11.9↗,11.7↗,9.7↗,9.23↗,8.68↗,8.04↗
6144,得利影,14.5,0,0,0,12月24日,14.4↘,14.5↘,14.6↘,14.6↘,15.3↘,15.4↗,11.8↗,10.9↗,10.5↗,10.4↗
6146,耕興,214.5,0,0,30,12月24日,215↘,216↘,216↗,217↘,226↘,238↘,231↗,215↗,191↗,160↗
6147,頎邦,66.1,0.1,0.15,"3,402",12月24日,65.6↗,65.7↘,66.4↘,65.5↘,70↘,70.9↘,65.8→,65.1↗,61.4↗,56.7↗
6153,嘉聯益,25.65,0.2,0.79,"5,175",12月24日,25.3↗,25.2↗,24.9↗,24.9↘,26.6↘,30.2↘,30.2↘,30.8↘,32.4↗,32.6↘
6155,鈞寶,24.45,0.1,0.41,127,12月24日,24.3↗,24.3↗,24.3↘,24↗,25.2↘,26.1↘,24.9↘,24.1↘,23.5↗,22.1↗
6160,欣技,18.15,0.05,0.28,144,12月24日,18.1↘,18.3↗,17.8↗,17.5↗,18.6↘,18.8↗,16↘,17.6↘,19↘,21.7↘
6165,浪凡,37.55,-0.15,-0.4,363,12月24日,37.7↘,38.9↗,38.3↘,39.3↗,37.2↗,38.7↘,38.2↗,28.7↗,28.1↗,18.2↗
6173,信昌電,60,-0.5,-0.83,428,12月24日,60.1↗,59.8↗,60.6↘,57.6↗,61.1↘,63.1↘,60.3↗,61.3↘,55.7↗,33.6↗
6176,瑞儀,100.5,0.6,0.6,"1,884",12月24日,99.4↗,98.2↗,97.7↗,96↗,101↘,110↘,109↘,108↗,91.8↗,97↗
6177,達麗,30.05,0,0,221,12月24日,30↗,30↗,30↗,30.5↘,30.6↗,30.4↘,29.7↗,29.6↗,29.5↗,29.8↗
6179,亞通,30.8,-0.3,-0.96,147,12月24日,30.9↗,30.8↘,31.4↘,30.5↘,30.1↘,31.9↘,32.7↘,33↘,37.3↘,30.4↗
6186,新潤,26.35,-0.15,-0.57,142,12月24日,26.5↘,26.5↘,26.7↘,27.3↘,28.1↘,28.3↘,28.6↘,26.7↗,23.4↗,24.6↗
6187,萬潤,116,-1,-0.85,857,12月24日,114↗,114↘,116↘,113→,123↘,122↗,88.1↗,72.6↗,68.6↗,52.2↗
6194,育富,24.9,0,0,16,12月24日,25↘,25↗,24.7↗,25.4↘,27.1↘,30.1↘,29↘,26.1↗,22.8↗,21.2↗
6198,凌泰,33.75,0.75,2.27,1,12月24日,33.3↘,34.1↘,34.4↘,34.9↘,35↘,36.1↗,25↗,21.7↗,21↗,16.9↗
6199,天品,15.6,-0.15,-0.95,2,12月24日,15.8↘,16.2↘,16↘,16.5↘,17↘,16.4↗,14.4↗,14.6↘,17.1↘,16.1↗
6201,亞弘電,44.1,0.1,0.23,21,12月24日,43.7↗,43.8↗,43.4↗,42.7↗,43.9↘,45.1↗,39.7↗,37.8↗,35.1↗,30.9↗
6203,海韻電,84,-0.4,-0.47,112,12月24日,83.7↗,83.4↗,83.5↘,81.1↘,89.8↘,95.1↗,76.6↗,62.4↗,50.5↗,44.5↗
6204,艾華,72.1,0.1,0.14,38,12月24日,71.9↗,71.9↘,72.7↘,80.2↘,86↘,97.4↘,72.2↗,55.4↗,42.3↗,32.9↗
6210,慶生,40.7,0,0,18,12月24日,40.4↗,40.4↗,40.5↗,40.4↗,40.7↘,40.9↗,42.1↘,40.6↗,40↗,42.3↘
6213,聯茂,135,-3,-2.17,"5,368",12月24日,133↗,130↗,129↗,131↘,136↘,136↘,135↗,126↗,98↗,63.6↗
6214,精誠,84.3,0.1,0.12,184,12月24日,84.2↗,84.2↘,84.9↘,86↘,86.5↘,87↘,83.8↗,79.3↗,72.2↗,60.4↗
6219,富旺,17.9,-0.05,-0.28,"2,177",12月24日,18↘,17.9↗,18.1↘,18.6↘,19.8↘,21↗,18↗,16.9↗,14.5↗,15.6↗
6220,岳豐,23,0.05,0.22,193,12月24日,22.8↗,22.7↗,22.5↗,23.4↘,23.8↘,25↘,23.9↘,25.2↘,34.8↘,24.6↗
6221,晉泰,49.55,-0.2,-0.4,36,12月24日,49.6↘,50↘,50.1↘,58.6↘,61.8↘,61.2↗,55.3↗,50.9↗,40.9↗,31.7↗
6223,旺矽,115,-1,-0.86,748,12月24日,115↘,114↗,113→,117↘,129↘,124↗,108↗,93.6↗,86.1↗,80.7↗
6230,尼得科超眾,166.5,0.5,0.3,7,12月24日,165↗,166↘,166↘,166↘,180↘,197↘,221↘,208↗,168↗,124↗
6231,系微,82.9,-1.1,-1.31,139,12月24日,84.2↘,85.7↘,86.1↘,80.7↗,80.5↗,84.5↘,83.4↗,71.7↗,59↗,60.7↘
6233,旺玖,37.1,2.4,6.92,"13,767",12月24日,34.7↗,34.5↗,35.3↗,36.3↘,39.7↗,38.7↗,27.6↗,21.6↗,16.9↗,15.8↗
6234,高僑,21.35,0.35,1.67,251,12月24日,20.9↗,20.8↗,20.7↗,20.6↗,20.9↘,21.9↘,23.6↘,24↗,21.4↗,20.6↗
6237,驊訊,102,-1,-0.97,"1,664",12月24日,102↗,101↘,102↘,98.5↗,112↘,110↗,69.3↗,52↗,41.4↗,32.1↗
6239,力成,98.3,0.4,0.41,"2,588",12月24日,97.5↗,97.1↗,97.3↘,97.9↘,104↘,104↗,100↘,93↗,91.1↗,74.7↗
6241,易通展,22.2,-0.25,-1.11,20,12月24日,22.3↗,22.3↘,22.1↘,23.3↘,21.6↗,22.7↘,19.6↗,16.9↗,15.4↗,20.4↗
6242,立康,39.45,0.7,1.81,5,12月24日,39.1↗,39.2↗,38.9↗,38.8↘,41.2↘,42.8↗,39.7↘,41.1↘,45.8↘,35.6↗
6245,立端,55.5,1.3,2.4,929,12月24日,54.1↗,53.8↗,52.3↗,50.2↗,52.2↘,58.5↘,58.8↘,61.9↗,54.9↗,47.6↗
6248,沛波,21.9,-0.2,-0.9,116,12月24日,22.2↗,22↗,21.3↗,21↗,22↘,23.9↘,25.3↘,24.5↗,22.4↗,18.4↗
6269,台郡,104,-0.5,-0.48,858,12月24日,104↗,103↗,103↗,99.4↗,110↘,116↘,117↘,108↗,106↗,101↗
6274,台燿,102.5,-0.5,-0.49,795,12月24日,102↗,102↘,102↗,99↘,107↘,110↘,118↘,118↗,102↗,62.6↗
6276,安鈦克,22.2,-0.2,-0.89,25,12月24日,22.4↘,22.4↘,22.3↗,22.9↘,26.3↘,32.7↘,28.5↗,22.7↗,18.4↗,19.4↗
6277,宏正,81.3,0,0,45,12月24日,81.2↗,81.2↘,81.4↘,82.5↘,82.9↘,84.4↘,84.9↘,86.4↘,85.3↗,78.1↗
6283,淳安,46.1,-0.25,-0.54,401,12月24日,46.6↗,46↗,46.4↘,46.7↘,49.6↘,49.1↗,37.9↗,36.9↗,40.6↗,24.8↗
6288,聯嘉,27.35,-0.05,-0.18,595,12月24日,27.3↗,27.1↗,26.6↗,27↗,26.3↘,28.4↘,27.3↗,24.9↗,,
6289,華上,2.5,-0.02,-0.79,109,12月24日,2.5↘,2.5↗,2.5↗,2.61↘,2.81↘,3.01↘,2.66↗,2.04↗,2.08↗,2.6↘
6290,良維,53.4,1.2,2.3,"3,913",12月24日,52.2↗,51.9↗,51.9↗,53.4↘,57.1↘,58.7↗,58↘,56.6↗,51.2↗,40.7↗
6294,智基,123.5,-0.5,-0.4,9,12月24日,124↗,124→,125↘,128↘,138↘,138↘,123↗,117↗,116↗,90.7↗
6416,瑞祺電通,99.5,-1,-1,110,12月24日,99.6↗,99.6↘,101↘,96.5↗,102↘,116↘,123↗,111↗,,
6425,易發,25.4,0.05,0.2,26,12月24日,25.4↘,25.6↘,25.9↘,27↘,25.2↗,27.2↘,28.8↘,,,
6426,統新,72.6,-0.7,-0.95,54,12月24日,72.6↗,72.3↘,72.8↘,68.8↗,68↘,82.1↘,106↘,104↗,98.6↗,
6431,光麗-KY,29.1,0.3,1.04,17,12月24日,29.1↘,29.3↘,29.4↗,29.5↘,31.3↘,31.9↘,29.3↗,27.5↗,21.1↗,
6432,今展科,37.9,0.5,1.34,94,12月24日,37.5↗,37.6↘,38.1↘,35.7↗,38.2↘,38.9↗,35.3↗,31.9↗,28.7↗,
6441,廣錠,58.2,-0.2,-0.34,342,12月24日,57.6↗,55.2↗,54.7↗,51.3↗,55.6↘,85.9↘,90.3↗,73.7↗,,
6449,鈺邦,56.7,-0.2,-0.35,48,12月24日,56.8↘,56.8↗,56.5↗,53.4↗,54.8↘,57.6↗,48.7↗,43.2↗,43.7↗,
6451,訊芯-KY,92.5,0.5,0.54,204,12月24日,92↗,93.1↘,94.8↘,92.9↗,97.2↘,109↘,111↘,111↗,113↘,
6456,GIS-KY,103.5,1,0.98,"1,227",12月24日,104→,103↘,103↗,98.9↗,105↘,110↘,110↘,109↘,142↗,
6461,益得,20,0,0,163,12月24日,20↘,20.1↘,20.4↘,20.9↘,21.2↘,20.9↘,20.2↗,20.5↘,,
6462,神盾,116.5,-1.5,-1.27,433,12月24日,117↗,114↗,112↗,116↘,127↘,145↘,165↘,190↘,192↘,
6464,台數科,92.6,-0.5,-0.54,67,12月24日,93.3↘,94↘,95.1↘,98.5↘,103↘,107↘,112↘,111↘,114↘,
6470,宇智,44,0,0,53,12月24日,43.8↗,43.8↗,43.7↗,43.4↗,43.6↘,48.6↘,47↘,46.6↗,45.3↘,
6472,保瑞,185.5,-0.5,-0.27,242,12月24日,188↗,189↘,195↘,204↘,235↘,228↘,195↗,178↗,,
6477,安集,48.85,-1.35,-2.69,"3,632",12月24日,48.9↗,48.3↗,45.3↗,42.9↗,41.9↘,50.2↘,41.8↗,35.3↗,29.4↗,
6486,互動,73.5,0.1,0.14,36,12月24日,73.2↗,72.8↗,72.9↘,72.4↗,74↘,77.5↘,76↘,72.4↗,62.2↗,
6491,晶碩,401.5,5,1.26,337,12月24日,402↗,404↘,417↘,472↘,498↘,442↗,310↗,,,
6492,生華科,105,-7.5,-6.67,"1,586",12月24日,114↘,109↗,99.7↗,111↘,128↘,152↘,146↗,120↗,,
6504,南六,113,-0.5,-0.44,52,12月24日,113↗,113↘,115↘,116↗,123↘,148↘,180↘,171↘,166↘,
6505,台塑化,96.8,0.6,0.62,"1,847",12月24日,95.6↗,95.5↗,96.3↘,99.6↘,99.4↘,99.7↗,93.2↗,97.7↘,104↘,92.7↘
6510,精測,659,4,0.61,90,12月24日,653↗,652↗,662↘,689↘,656↗,723↘,746↘,691↗,820↘,
6516,勤崴國際,96.5,-2,-2.03,56,12月24日,95.5↗,94.5↗,94.6↘,99.5↘,109↘,107↗,97.7↘,,,
6527,明達醫,47.8,0.05,0.1,56,12月24日,47.6↘,47.8↗,47.7↘,47.7↘,48.5↘,50.1↘,,,,
6531,愛普*,496,-3,-0.6,"3,137",12月24日,489↗,490↘,503↘,556↘,613↘,636↗,446↗,312↗,218↗,
6538,倉和,94.9,8.6,9.97,"3,415",12月24日,84↗,81.4↗,79.1↗,76.4↗,87.8↘,118↘,176↘,144↗,103↗,
6542,隆中,54.3,0,0,5,12月24日,55.8↘,57.1↘,55.7↘,58.6↘,63.7↘,64.8↗,59↘,64↘,65.6↘,
6552,易華電,58.5,5.3,9.96,"3,303",12月24日,54.1↗,53.4↗,53.7↗,55.7↘,60.3↗,60.2↗,59.3↘,74.5↘,,
6558,興能高,32.55,0.4,1.24,300,12月24日,32↗,32↘,32.3↘,32.1↗,34↘,39.6↘,43.4↘,49.8↘,,
6560,欣普羅,75.1,0.3,0.4,56,12月24日,74.3↘,74.7↘,80.1↘,82.2↘,91.3↘,95.8↘,72.1↗,62.3↗,,
6561,是方,280,0,0,19,12月24日,281→,280↗,276↘,276↗,282↘,297↘,307↗,272↗,,
6569,醫揚,105.5,1,0.96,7,12月24日,105↗,105↘,105↗,106↘,115↘,124↘,138↘,147↘,,
6574,霈方,47.45,-1.25,-2.57,13,12月24日,48.1↘,48.2↘,48.1↘,48.4↘,50.7↘,54.4↘,58.4↘,66.7↘,,
6578,達邦蛋白,17.5,-0.1,-0.57,41,12月24日,17.7↘,17.9↘,18.2↘,17.7↘,18.3↘,19.7↘,20↘,22↘,,
6582,申豐,163.5,-1,-0.61,93,12月24日,164↗,162↘,172↘,178↘,209↘,215↗,168↗,130↗,,
6588,東典光電,49.9,0.35,0.71,6,12月24日,49.6↗,48.5↗,48↗,46.6↗,46.3↘,54.8↘,,,,
6589,台康生技,112,-1,-0.88,574,12月24日,113↗,113↘,112↗,109↘,121↘,114↗,80.2↗,,,
6596,寬宏藝術,48.65,0.05,0.1,17,12月24日,48.8↘,48.9↘,49.1↘,48.9↗,48.8↘,50.8↘,51.8↘,54.7↗,,
6598,ABC-KY,42.4,-1.7,-3.85,511,12月24日,44.6↘,44.4↘,41.4↗,35↗,38↘,44.1↘,,,,
6615,慧智,48.75,0.55,1.14,13,12月24日,48.6↘,48.6↘,47.6↗,46.5↗,47.5↗,48.9↘,55.3↘,67.4↘,,
6616,特昇-KY,18.85,0.2,1.07,41,12月24日,18.6↘,19.1↘,20↘,21.2↘,22.1↘,24.7↘,27↘,27.2↗,,
6629,泰金-KY,60.6,-2,-3.19,9,12月24日,63.1↘,63.1↘,62↗,58.6↗,60.2↘,63.6↘,59.7↗,,,
6641,基士德-KY,60.2,-0.3,-0.5,23,12月24日,60.4↘,60.2↗,59.7↗,57.9↗,60.7↘,64.2↘,64.3↘,64.8↘,,
6642,富致,71.4,0.6,0.85,61,12月24日,70↗,70.2↘,69.8↗,69.7↘,77.7↘,72.3↗,54.2↗,,,
6649,台生材,25.9,0.4,1.57,17,12月24日,25.5↘,25.7↘,25.5↗,25.6↘,26.6↘,28.3↘,30↘,,,
6662,樂斯科,30.5,0,0,7,12月24日,30.5→,30.5↗,30.5→,30.7↘,31.4↘,32.7↘,35.1↘,,,
6666,羅麗芬-KY,69.4,0.4,0.58,14,12月24日,69↗,68.7↗,68.1↗,68.2↘,71.8↘,80↘,99.9↘,127↘,,
6668,中揚光,56.1,-1.7,-2.94,763,12月24日,58↘,58.1↗,55.8↘,52.3↗,56.2↘,61.8↗,62↘,,,
6670,復盛應用,193.5,0,0,57,12月24日,193↘,195↘,197↘,191↗,195↘,201↗,187↗,,,
6680,鑫創電子,49.95,0,0,2,12月24日,49.8↘,49.9↘,50.3↘,50.6↘,51.9↘,56↘,58.8↘,,,
6683,雍智科技,313.5,-2.5,-0.79,39,12月24日,313↗,312↗,315↘,322↘,332↘,327↗,291↗,,,
6697,東捷資訊,38.5,-0.4,-1.03,3,12月24日,39↘,38.9↘,39↘,39↗,39.2↘,39.8↗,,,,
6703,軒郁,85.2,-1.4,-1.62,12,12月24日,85.8↘,86.3↘,86.8↘,86.6↗,89.8↘,98.6↘,,,,
6732,昇佳電子,512,-3,-0.58,144,12月24日,516↗,506↗,501↗,531↘,628↘,664↘,,,,
6743,安普新,71.5,-0.5,-0.69,164,12月24日,71.8↘,72.5↘,74.2↘,73.8↘,83.9↘,111↘,,,,
6752,叡揚,60,-1,-1.64,23,12月24日,60.8↘,60.9↘,60.9↘,60.7↘,61.5↘,61.9↗,,,,
6754,匯僑設計,40.65,-0.1,-0.25,91,12月24日,40.7↘,40.8↘,41.2↘,41.1↘,43.1↘,43.6↘,,,,
6762,達亞,265,0,0,0,12月24日,263↘,265↗,265↘,268↘,284↘,288↘,,,,
7556,意德士,109.5,-1,-0.9,7,12月24日,111↘,111↘,112↘,113↘,119↘,130↗,,,,
8028,昇陽半導體,49.3,0.1,0.2,385,12月24日,48.9↗,49→,49.4↘,49.2↘,50.8↗,51.1↘,52.5↘,53.7↗,,
8039,台虹,47.05,0.45,0.97,672,12月24日,46.4↗,46.3↗,46.6↗,46.3↗,48.9↘,50.4↘,49.9↗,46.9↗,45.1↗,43.9↗
8043,蜜望實,27.25,0.1,0.37,154,12月24日,27.1↗,27.2↗,27.1↘,26.3↗,27.9↘,29.1↘,27.7↘,30.6↘,30.9↗,23.6↗
8066,來思達,34.75,0.15,0.43,13,12月24日,35↗,34.4↗,33.4↗,34.1↗,38↘,44.7↘,53.8↘,68.1↘,87.6↘,71.3↗
8070,長華*,34.35,-0.1,-0.29,"2,487",12月24日,33.7↗,33.2↗,33.5↗,33.3↗,33.9↗,34.7↗,73.7↘,101↘,117↘,101↘
8083,瑞穎,179,0,0,5,12月24日,178↗,178↘,177↗,178↘,182↘,187↘,177↗,166↗,157↗,132↗
8084,巨虹,60.6,0.4,0.66,25,12月24日,60.3↗,60.7↘,61.8↘,67↘,72.4↘,76.8↘,59.7↗,50.2↗,44.7↗,31.9↗
8086,宏捷科,141.5,0.5,0.35,"1,704",12月24日,139↗,140→,143↘,146↘,155↘,151↗,124↗,105↗,86.6↗,63.4↗
8088,品安,24.45,-0.05,-0.2,273,12月24日,24.2↗,24.1↗,24↗,22.5↗,24.1↘,26.7↘,26.9↘,24.3↗,21.9↗,22.6↗
8089,康全電訊,31.6,-1.15,-3.51,597,12月24日,33.3↘,32↗,29.6↗,27.1↗,26.7↗,32.8↘,,,,
8093,保銳,8.1,-0.04,-0.49,61,12月24日,8.08↗,8.09↗,8.08↘,7.92↗,8.32↘,10↘,8.57↗,7.74↗,8.02↗,7.28↗
8107,大億金茂,18.65,-0.1,-0.53,66,12月24日,18.7↘,19↘,18.7↗,18.4↗,18.8↘,20→,18.7↘,20.1↘,25.4↘,19.9↗
8131,福懋科,38.8,0.05,0.13,155,12月24日,38.7↗,38.7↘,38.8↘,38.4↗,38.8↘,39.1↗,37.8↗,36.6↗,34.3↗,27.9↗
8176,智捷,8.9,0.01,0.11,66,12月24日,8.93↘,8.89↗,8.67↗,8.55↗,8.65↘,8.91↘,9.13↘,9.91↘,10.7↗,
8210,勤誠,75.6,0.3,0.4,309,12月24日,74.2↗,73.6↗,73.9↘,75↗,74.4↗,77.6↘,83.6↘,77.3↗,65.2↗,53.5↗
8240,華宏,32.1,-0.2,-0.62,180,12月24日,32.3↘,32.2↗,31.3↗,29.4↗,30.8↘,32.9↘,29.8↗,28↗,24.6↗,28.6↘
8284,三竹,45.95,0.15,0.33,21,12月24日,45.7↗,45.7↗,45.8↘,45.4↗,45.7↘,46.9↘,,,,
8341,日友,202,1.5,0.75,67,12月24日,200↗,200↗,199↗,201↗,203↘,212↘,228↘,237↘,219↗,
8342,益張,51.9,0,0,7,12月24日,51.9↗,51.9↘,52↘,51.5↗,51.3↗,52.7↗,51.4↗,49.2↗,,
8349,恒耀,59.4,-0.4,-0.67,53,12月24日,58.8↗,58.4↗,58.2↗,58.6↘,61.1↘,65.9↘,59↘,63.2↘,78.2↘,70.2↗
8349A,恒耀甲特,44.9,-0.05,-0.11,13,12月24日,45↘,45→,45↘,45↗,45↘,45.2↗,,,,
8354,冠好,14.75,0.1,0.68,29,12月24日,14.7→,14.7↗,14.6↗,14.7↗,14.9↘,15.5↘,16.6↘,17.6↘,17.9↘,16.6↗
8383,千附,40.55,0.2,0.5,182,12月24日,40.3↗,40.3↗,40.3↘,40.5↘,40.1↘,41↗,39.1↗,38.7↗,41.4↘,37.3↗
8390,金益鼎,34.25,0.4,1.18,444,12月24日,33.8↗,33.5↗,33.2↗,33.7↘,36.6↘,36.7↘,29.2↗,24.9↗,21.6↗,22.1↘
8403,盛弘,26.7,0.15,0.56,103,12月24日,26.5↗,26.5→,26.7↗,26.5↘,27.9↘,30.1↘,33.2↘,31.6↘,32.8↘,35.2↘
8404,百和興業-KY,34.45,-0.05,-0.14,208,12月24日,34.2↗,34.1↘,34.4↘,35.2↘,38↘,37.5↗,34.9↘,38.1↘,43↘,32.8↗
8409,商之器,17,0,0,33,12月24日,16.9↗,16.7↗,16.5↗,16↗,17↘,17.9↘,18.2↗,17.5↗,17.7↘,
8410,森田,32.3,0,0,10,12月24日,31.8↗,31.7↗,31.6↗,32.1↗,34.5↘,40.3↘,39.3↗,34.9↗,33.2↗,33.5↘
8416,實威,118.5,0,0,10,12月24日,118→,118↘,118↘,118↘,120↘,121↗,117↗,118↘,114↗,
8418,捷必勝-KY,10.3,0,0,0,12月24日,10.3↘,10.3↗,10.4↘,10.5↘,10.8↘,10.9↘,12.2↘,13.1↘,13.4↗,
8432,東生華,44.35,-0.25,-0.56,39,12月24日,44.2↗,44.1↗,44.2↘,43.4↗,42.1↗,46.5↘,57.6↘,62.6↘,67.9↘,
8436,大江,207.5,1.5,0.73,303,12月24日,207↗,205↗,206↘,215↘,243↘,233↘,242↘,298↘,300↗,
8437,大地-KY,144,-3,-2.04,14,12月24日,145↘,146↘,146↘,149↘,159↘,166↘,178↘,199↘,202↘,
8446,華研,88.4,-0.1,-0.11,33,12月24日,88.6↘,88.9↘,88.5↘,89↗,88.7↘,95.7↘,102↘,107↗,110↘,
8462,柏文,135,-0.5,-0.37,28,12月24日,136↗,136↘,136↘,140↘,143↘,148↘,159↘,176↘,158↗,
8463,潤泰材,30.35,-0.3,-0.98,76,12月24日,30.8↘,30.7↘,30.7↘,32.3↘,34.6↘,35.7↘,36.8↘,34.4↗,29.1↗,
8466,美吉吉-KY,52.4,-0.3,-0.57,26,12月24日,52.7↘,52.7↘,52.5↗,53.1↘,54.4↘,57.7↘,61.7↘,64.1↘,75.2↘,
8467,波力-KY,39.05,0.1,0.26,6,12月24日,39.1↗,39.3↘,39.6↘,40.3↘,39.8↘,42.5↘,46.9↘,46.5↗,41↗,
8472,夠麻吉,49.6,-1.4,-2.75,2,12月24日,50.9↘,50.5↘,50.5↘,54.4↘,57↘,62↘,48.5↗,41.1↗,38.8↗,
8473,山林水,32.9,-0.15,-0.45,88,12月24日,33.1↘,33.3↘,33.4↘,33.7↘,36↘,38.3↘,41.2↘,45.7↘,52.1↘,
8477,創業家,32.6,-0.15,-0.46,24,12月24日,32.7↘,33.1↘,33.9↘,35.2↘,36.7↘,35.9↘,38↘,42.2↘,45.3↘,
8480,泰昇-KY,103.5,-0.5,-0.48,3,12月24日,104↘,104↘,104↘,105↘,108↘,113↘,120↘,123↘,,
8481,政伸,72.6,0.1,0.14,15,12月24日,72.6↘,72.8↗,72.2↗,71.7↘,74.5↘,77.3↗,69.7↗,65.4↗,,
8482,商億-KY,77.4,0.9,1.18,36,12月24日,76.8↗,76.7↗,74.7↗,72.8↗,73.1↗,78.2↘,96↘,109↘,,
8489,三貝德,34.9,3.15,9.92,446,12月24日,32.3↗,31.7↗,31.5↗,32.9↗,34.8↘,41↘,53.4↘,80.3↘,,
8499,鼎炫-KY,125,0.5,0.4,46,12月24日,125→,124↗,124↘,121↗,125↘,133↘,125↗,119↗,,
8916,光隆,40.4,0,0,24,12月24日,40.4↘,40.5↘,40.6↘,41↘,41.6↘,41.5↗,41.7↘,43.2↘,44.6↘,40.8↗
8916A,光隆甲特,49.4,0,0,23,12月24日,49.4→,49.4↘,49.4↘,49.2↗,49.5↘,50.1↘,51↘,,,
8921,沈氏,14.4,0,0,1,12月24日,14.4↘,14.4↗,14.5↘,14.9↘,15.4↘,15.4↗,14.5↗,14.2↗,14.2↘,16.1↗
8926,台汽電,37.65,0.05,0.13,129,12月24日,37.7↗,37.6↗,37.7↘,38.1↘,38.1↘,38.3↘,37.1↗,33.8↗,30.2↗,26↗
8927,北基,30.25,0.25,0.83,177,12月24日,30.1↘,30.2↘,31.2↘,33↘,34.4↘,31.6↗,23.6↗,21.4↗,17.7↗,14.9↗
8930,青鋼,15.05,-0.1,-0.66,133,12月24日,15.1↗,15↘,15↗,14.8↗,15.8↘,15.2↘,13.6↗,13.4↗,13.9↗,13.2↗
8936,國統,21.7,0.3,1.4,"2,033",12月24日,21.5↗,21.2↗,20.9↗,21↘,22.5↘,25.6↘,21.7↗,21.2↗,20.8↗,27.7↘
8942,森鉅,67.3,0.2,0.3,155,12月24日,67.2↘,67.2↘,67.4↘,67.8↘,69.9↘,67.6↗,61.8↗,64.9↗,67.2↘,69.4↗
9103,美德醫療-DR,14.15,0.1,0.71,351,12月24日,14↘,14.4↘,14.7↗,13.4↘,15.8↘,20↘,20.5↗,14↗,9.03↗,5.7↗
910861,神州-DR,7.23,-0.01,-0.14,45,12月24日,7.27↘,7.49↘,7.42↗,7.46↘,7.89↘,9.06↘,9.56↘,8.99↘,9.27↘,13.9↘
9110,越南控-DR,2.91,-0.01,-0.34,92,12月24日,2.91↘,2.92↘,2.94↘,2.98↘,3.02↘,2.96↘,2.86↗,2.6↗,2.97↘,3.95↘
911608,明輝-DR,3.49,-0.07,-1.97,154,12月24日,3.56↘,3.58↘,3.63↘,3.68↘,3.86↘,3.96↘,4.44↗,3.32↗,2.81↗,4.52↘
911622,泰聚亨-DR,5.98,-0.02,-0.33,225,12月24日,6.03↘,6.05↘,6.03↘,6.17↘,7.07↘,6.13↗,7.92↘,7.41↘,8.07↘,10.3↘
911868,同方友友-DR,1.28,0,0,303,12月24日,1.29↗,1.28→,1.28↘,1.28↘,1.4↘,1.47↘,1.56↗,1.42↗,1.51↘,2.22↘
9136,巨騰-DR,5.7,-0.04,-0.7,"1,025",12月24日,5.75↘,5.78↘,5.83↘,5.94↘,6.65↘,8.07↘,8.83↘,8.5↘,8.88↘,12.1↘
9188,精熙-DR,2.96,0,0,58,12月24日,2.96→,2.96↗,2.96↘,2.98↘,3.03↘,3.02→,3.18↘,3.56↘,4.09↘,3.76↘
9802,鈺齊-KY,93.9,0.6,0.64,164,12月24日,93.3↗,94.4↘,96.5↘,99.2↘,96.8↘,106↘,108↘,98.9↗,85.9↗,
9904,寶成,32.95,0.25,0.76,"2,550",12月24日,32.6↗,32.7↘,32.9↘,33.5↘,34.1↘,33.6↗,31.7↘,33.7↘,35.4↘,35.8↗
9908,大台北,33,-0.1,-0.3,104,12月24日,33.1→,33↘,33.2↘,33.2↘,33.2↘,33.4↘,32.3↗,31.4↗,29.4↗,25.7↗
9919,康那香,25.8,0.05,0.19,699,12月24日,25.8↘,25.5↗,25.5↗,23.5↗,25.7↘,29.9↘,30.9↗,24.1↗,19.1↗,16.2↗
9924,福興,41.1,0.05,0.12,80,12月24日,41↗,41↗,41→,40.8↗,41.6↘,43.4↘,42.5↘,42.1↗,40.5↗,36.7↗
9929,秋雨,9.51,0.06,0.63,24,12月24日,9.42↗,9.42↗,9.41↘,9.51↘,9.98↘,11.4↘,11.8↘,13↘,12.4↘,10.4↗
9930,中聯資源,45.15,0.05,0.11,46,12月24日,44.9↗,44.8↗,44.7↗,44.9↗,45.6↘,46↘,45.8↘,47.8↘,50.9↘,54.9↗
9931,欣高,40,0.4,1.01,6,12月24日,40↘,40.1↘,39.9↗,39.6↘,39.4↗,40.4↘,39.8↗,37.7↗,35.2↗,33.8↗
9933,中鼎,37,-0.05,-0.13,890,12月24日,36.9↗,36.5↗,36.2↗,36.3↗,36.9↘,37.2↘,36.8↘,39.4↘,42.9↘,46.2↘
9934,成霖,14.85,0.1,0.68,195,12月24日,14.7↗,14.7↗,14.7→,15↘,15.8↘,16.1↘,15.3↘,15.8↘,17↗,17.1↘
9935,慶豐富,19.8,-0.2,-1,145,12月24日,19.9↘,19.8→,19.9↘,19.9↘,20.6↘,23.2↘,27.6↘,28↗,24.1↗,16.1↗
9937,全國,49,0,0,41,12月24日,49→,49↗,48.9↗,48.5↗,48.6↗,49.2↘,47.3↗,45.4↗,43.1↗,38↗
9938,百和,80.9,-0.3,-0.37,444,12月24日,81↘,81.2↘,80.3↘,81.1↘,85.2↘,86↗,78↗,77.4↗,83.8↘,66.4↗
9939,宏全,69.4,0,0,199,12月24日,69.5↘,69.3↗,68.5↗,67.9↘,71.4↘,69.6↗,63.1↗,59.6↗,57.7↗,58.6↗
9943,好樂迪,60.9,0.7,1.16,96,12月24日,60.4↗,60.4↗,60.5↘,61.3↘,61.9↘,62.9↘,63.6↘,64.3↗,60.1↗,52.8↗
9946,三發地產,14.9,0.05,0.34,28,12月24日,14.8→,14.9↘,15.1↘,15.2↘,15.5↗,15.6↘,16.8↘,17.8↗,15.6↗,17.5↘
9950,萬國通,9.36,-0.28,-2.9,13,12月24日,9.74↘,9.79↘,9.87↘,10.1↘,10.4↘,10.8↘,10.7↘,11.8↘,12.5↘,18↘
9951,皇田,78.9,1.1,1.41,98,12月24日,77.9↗,77.8↗,78.1↗,79.4↘,84.5↘,88.7↘,83.4↘,85.3↗,111↘,108↗
9955,佳龍,17.25,0.1,0.58,118,12月24日,17.2↘,17.1↗,17↗,16.9↗,17.3↘,18.2↘,18.1↘,17.5↗,16.1↗,18.4↘
9958,世紀鋼,110.5,-1,-0.9,"1,752",12月24日,112↘,112↗,111↘,112↗,114↘,113↘,105↗,93.2↗,70.5↗,40.6↗
9960,邁達康,27.2,0,0,12,12月24日,27.2↗,27.2↘,26.9↘,27.4↗,27.2↘,28.4↘,28.5↘,29.2↘,30.6↘,24.9↗
